recent_return,volatility,momentum,sector_exposure,risk_score,target,label
0.12088461699458716,0.10828297609608954,0.12288378970402752,0.8029859040884836,-0.05292960163392495,0.3374072181644816,BUY
0.003607453913218317,0.24356439904625898,0.22732136930535712,0.7045872015885762,-0.0465847322863588,0.2185604056529251,BUY
0.15050927196898387,0.09581123898692788,0.10106684355563444,0.8630486440403542,-0.01638991305900101,0.3993477665025986,BUY
0.09407881017077735,0.1599543704894377,0.04622482192484534,1.2886919080923693,-0.08918679717773176,0.30294793405633424,BUY
-0.11703792823932266,0.13897638520171088,0.0018690136077106068,0.41533922377945676,-0.031258007607883595,-0.06375805318470511,SELL
0.19146782307286456,0.19150244615673412,0.1726875101669274,0.13872985326883674,-0.1008971741863087,0.16460883495651207,BUY
0.11639889569662351,0.13516569497012018,0.18234574110073143,0.15351562339583705,-0.06021719391140984,0.1397993380145219,BUY
0.1251225068469338,0.16103744610503437,-0.06813304650523164,0.28783632742960175,-0.17508694982001538,-0.13427623473092515,SELL
-0.10516022856355894,0.163470893575541,0.22903911189404352,0.8986761787261635,-0.024483270759006536,0.35377127627386346,BUY
0.007635078263448503,0.12859285698260892,-0.02219808655712807,1.2314587340530947,-0.14746445960800889,0.18988902037466684,BUY
-0.020220691518596567,0.21395657079479788,0.1600351311361875,1.3415283149928843,-0.06678846446236725,0.38132972061599973,BUY
0.17436774609701064,0.19668718623861978,0.235068945137005,0.9891584827649597,-0.032259243419913215,0.4,BUY
0.07535279202823258,0.17379702383227827,0.11664614538502505,0.6644005534312507,-0.09694551184531094,0.23530927258546586,BUY
0.13796656464479048,0.14986791665766291,-0.12730217309696285,0.31632059141860636,-0.09715330653057311,-0.1312267980690387,SELL
0.00519496958956589,0.2357580821363998,0.06376162982826888,0.6619856752208706,-0.11892522376486918,-0.005942017358745402,HOLD
-0.07046644737532809,0.1634916029330073,-0.1465502946069897,0.5653811874708969,-0.1035827114010101,-0.25474339496397447,SELL
0.04410467545554217,0.1585311898521844,0.1551139179410168,1.3180362331999929,-0.042825639295125506,0.4,BUY
-0.12766396036353864,0.1873283020921688,-0.07340817175675268,0.78140712837485,-0.14296999436957009,-0.13122015687334385,SELL
0.1396709101974037,0.2987610678079595,0.11284667037700835,0.41667425993634033,-0.16225709276805791,0.009444542230926695,HOLD
0.07108253969272268,0.0861750654385157,0.2095403533585895,0.5043214935420918,0.03175877505355215,0.4,BUY
0.11533070902988082,0.23388998251387483,-0.11854556719842244,0.29105823035976464,-0.15214065108109154,-0.3,SELL
-0.02591591115454607,0.047478018713332626,-0.02321397262947497,1.3860196286967836,-0.05833911189330447,0.2739738335108055,BUY
0.18974430853821614,0.19520912107600366,0.09120345463310481,0.17048418473105595,-0.05472349266562705,0.028976022613093295,HOLD
0.16259239246276916,0.29025579793261114,-0.011153633235724492,0.11798474797825192,-0.21925228010614353,-0.24918643269698382,SELL
0.12243422397581663,0.2142067967127115,-0.12133147626887815,0.3561845069376163,-0.13910414025906767,-0.1609570770192591,SELL
-0.08187645225181135,0.1919437554977855,-0.18691777362404136,1.235223625074876,-0.2189286541138842,-0.10414537659508205,SELL
0.013352351304461968,0.1407685371837847,-0.0170308353341167,0.8328535012835137,-0.048689462782464984,0.10750861167544423,BUY
-0.13466868197446993,0.1821733040341988,0.09214406196186414,0.9761806023277808,-0.06939753051409037,0.12303556116542838,BUY
-0.09599867777635826,0.16235560292176504,0.058292893668619894,0.6008243455820287,0.0019514823839421186,0.05704163124016822,BUY
0.0890671336348591,0.12498163744480512,-0.12969144210771094,0.19614917976883806,-0.1845689456226779,-0.22141428245987863,SELL
0.11066675456773598,0.1597087069167591,0.0028120497403239797,1.2986214274890353,-0.1685092429195193,0.20044992813340157,BUY
0.1886284063519735,0.19388668124385075,-0.033738029218436244,0.3686519809755704,-0.1606380827324633,-0.06931635859901669,SELL
-0.03596112465164682,0.12629480520285516,-0.07660891896797006,0.14628288076316057,-0.1756509981106168,-0.21543706430768908,SELL
-0.02033910288779589,0.12356027255207211,0.12817205973717516,0.9017857903064711,-0.09200408435778709,0.23591718474347192,BUY
0.014344533946532761,0.08478295936854778,-0.06065658648776706,0.2166049085384415,-0.0440548721932417,-0.11152426142517373,SELL
-0.08368502432050001,0.20735075182622273,0.04306387854986313,0.2340665926037679,-0.1073938393464213,-0.14749609400607952,SELL
-0.10452747313258492,0.2181726283376942,0.21545059087132745,1.2205278440755352,-0.06870738948929847,0.36158504875903924,BUY
0.0164967241790768,0.19621623109655623,0.04267419201411207,0.7882534250451936,-0.12000819171756051,0.061855890315929224,BUY
-0.07058172783219056,0.2475619344910066,0.07766030957225234,0.4381118331460002,-0.14733492008201998,-0.08713119140506813,SELL
0.08443489813887861,0.18615073459565093,-0.1670393062246019,0.5880769927033263,-0.09598770485627912,-0.15203938486767432,SELL
0.003003171605315741,0.20744076561560296,-0.11983963531621868,1.1209373703804402,-0.20917559887800105,-0.0174213055207144,HOLD
0.14143736862024311,0.2012686197946294,-0.15457196031584894,0.19289580265924258,-0.2486966509072822,-0.3,SELL
0.09509278570078719,0.17359219864072545,0.14416582676012807,0.26307286230649385,-0.006686457606067647,0.16552061504874305,BUY
-0.04067167551628563,0.14284247203092468,0.17616448641257904,0.9627668489867974,-0.026027469820914226,0.3943602909255512,BUY
0.14129093048832034,0.3349906831054338,-0.11609511806244006,0.9497604282539501,-0.145493772647342,-0.12682586346271177,SELL
0.13166752512388066,0.1483634314102544,-0.10132771208460904,1.4614470583495205,-0.15585942561970303,0.15949032915673322,BUY
-0.014382567339438934,0.13338856022156945,-0.054556719728247716,0.6243692737576294,-0.059556615036401146,-0.01576850837595905,HOLD
-0.04908516362441456,0.21038068764150747,0.06598492762922592,0.19110867804852222,-0.04572457500324885,-0.05181816846721395,SELL
0.0888734263912414,0.19762980907065036,0.07980828721000877,0.852552408789479,-0.1127213621684869,0.20122660883882587,BUY
-0.10108663073674157,0.08166459166727706,0.10903928134365592,0.9936855364665064,-0.042529080858355654,0.2787941366208772,BUY
-0.08003212913371209,0.2585874778194617,0.2073367402960582,0.2954439001007487,-0.03514946402670848,0.021521465442298396,HOLD
-0.14742320558714805,0.17340637972544165,-0.06723193677655784,0.8740067629492754,-0.1021920066501916,-0.0985024030628759,SELL
0.12542353212574844,0.10223482333489955,0.09644154514304903,0.37687397032157044,-0.09329478097926644,0.21260556317551624,BUY
0.08269779980721123,0.26321488800477116,0.05187528059996149,1.2826220810334956,-0.19360060237811413,0.1522599168752785,BUY
0.09680788251921726,0.22379729001173077,-0.06237324181434481,1.2692260940973616,-0.2860491709801767,0.034599834849953943,HOLD
0.12325516085768876,0.091482060563646,0.20833683396715302,0.7014807343978184,0.05821483994761374,0.4,BUY
0.01062052143841899,0.3044027988180407,-0.15703246461835213,1.4534404667179257,-0.25854602479495253,-0.13976089323463467,SELL
0.049059418583512815,0.2261158157856335,0.12040046207442318,1.4716834242296384,-0.09561682569037493,0.3941578575701829,BUY
-0.10107105065531989,0.17928627190624677,0.12754317086017086,0.2809515245266673,-0.14112669968477237,-0.0239985781326901,HOLD
-0.1099144742624093,0.2913153163935246,0.21189693746048271,0.6147993267654547,-0.14493553250638797,0.08023222620055948,BUY
0.08394103662666508,0.19115084486807482,0.03336126655810909,0.9404500580653024,-0.12524394592597954,0.12768621749941725,BUY
0.014883672150096366,0.17803418474271776,-0.05526994780133934,0.21877293341402212,-0.16254476997355746,-0.26484109765830616,SELL
0.04783263726841608,0.13377899187846076,0.17248330143700924,0.6357177053397918,-0.005382270776391189,0.3245521798923559,BUY
0.11774960009560895,0.22072953075149548,0.14686462682457668,0.465640917623227,-0.04451846138947589,0.1725591609934116,BUY
0.07215141200020678,0.21336220771267858,0.025142026488761654,1.4328703093533857,-0.004479885567842623,0.3855420342291931,BUY
0.043752790230298544,0.18102760979227978,0.14553581903521495,0.6762201519640586,-0.05140308976282815,0.2897723607348651,BUY
0.045722506260894746,0.12470095522926777,-0.07945597906523265,1.1677392019665176,-0.05083283160880644,0.2169516033122767,BUY
-0.043617465678085734,0.18909508979162518,0.06527784868156056,0.6413875089170432,-0.12884455325133962,0.000677516196122812,HOLD
-0.1392137579012212,0.17511408499665035,0.18933255465454396,0.28453689858636966,-0.11308274488494043,0.049480312583103245,HOLD
0.0028510862313268215,0.0866567976886059,-0.05690697292256938,1.3084121422251864,-0.09237195011769753,0.23656308920707977,BUY
-0.07489536451316478,0.07697313540730699,0.017597492093834433,0.1005836836643454,-0.1190309703005625,-0.0919884895657887,SELL
-0.007014974696377352,0.21956073651668387,0.22797018437780026,0.17831722356423002,-0.03981470980043506,0.11666252106542245,BUY
0.1486910756438581,0.002132182053618259,0.1591953288872815,0.6101381682558605,0.023376116097308386,0.4,BUY
-0.06812117994713074,0.19437873688728818,0.19916755914874873,1.061657557726231,-0.13467378781060269,0.2937999965039531,BUY
-0.12959404040882688,0.14653418595723228,-0.026638822599299145,0.578386013407086,-0.011774783321050156,-0.05547876402057705,SELL
-0.051515637792301214,0.2715772624815937,0.24842736683555144,0.19283794466936494,-0.09045349641000464,0.016431279184498854,HOLD
-0.04724218478166073,0.1454572253592287,-0.13134547789228418,0.5449760472278083,-0.22169349151966078,-0.23033664713141863,SELL
0.08167078015441326,0.22616389499763273,0.033446762447339046,0.4429732025862272,-0.07741104249427953,-0.005418444847095306,HOLD
0.04496125331944742,0.15221603111335458,0.015673022033312223,0.10758771974547715,-0.12149112798165213,-0.09051432866320772,SELL
0.12436437318724472,0.18796237074403005,0.1592944858600605,0.8487226784525624,0.005448673582139282,0.3797966616701723,BUY
0.08250973911458562,0.23157855716440356,0.2088779976317554,0.2633042806418605,-0.09206565197984244,0.153283150397885,BUY
-0.007764598495975328,0.1476210998572794,0.12901271960862687,0.5024948043153326,-0.06401245658405674,0.1494304303755144,BUY
0.13490713463311213,0.24975884191488829,0.08206730625863623,0.9976657623113802,-0.09978679717162615,0.25262229690573473,BUY
-0.09155947803230363,0.11044114860254617,-0.007656864118173318,1.115161964352168,-0.03966646577359151,0.15627173766907554,BUY
-0.14205077440314884,0.20062149897908654,0.029646662684080366,0.46883787759843154,-0.07009004744678984,-0.14820125163171705,SELL
-0.11848324872852539,0.2445847805951497,0.029185140951169808,0.5608711394913276,-0.13956386891308833,-0.11618752898975912,SELL
0.10282577270875762,0.22620262442532343,-0.19083418684203007,0.44567293337845126,-0.18562441331427693,-0.3,SELL
0.01165703058798559,0.3141511413714787,0.026370612172454955,1.4396440404426687,-0.1406610096077342,0.10915289191102362,BUY
-0.09355487733823936,0.12655924778825375,0.18518686007835616,0.36672761778236396,0.0081676522867327,0.14827871891427835,BUY
0.025365671286177227,0.08345955240559882,0.11917330501401169,0.3564528450871468,-0.009539315100969423,0.20212589422040822,BUY
-0.09669076405039105,0.11039654240534162,0.15806887995625218,0.7230494141641447,-0.07527512087226061,0.21973266331326227,BUY
0.0937121312772076,0.2262309796583906,-0.024281754604165567,0.3650289028807968,-0.11549258179770112,-0.16611372141018355,SELL
0.0061546964509107405,0.2148546053988565,0.03803795661083112,0.3193918387998514,-0.1115888956379239,-0.09403189298612805,SELL
-0.016642570866231138,0.1871579661753191,-0.18493239395130479,0.23423135278151966,-0.20694852990324875,-0.3,SELL
-0.044470768798243215,0.10139300656250089,-0.027650926023795402,0.9962397473515491,-0.008007856167435698,0.14035114823624437,BUY
0.07059890759161094,0.23368071053303424,0.013487220201689798,0.9569151568626544,-0.2062052198848104,0.05060708088413026,BUY
-0.023365586306313357,0.09427066556446216,-0.08515599518041327,1.0102280486291528,-0.00842298164259829,0.1385235884354076,BUY
-0.11932252823936465,0.26112647076638296,-0.1859415594542076,1.1826200112131549,-0.23216617017323607,-0.24105696887830982,SELL
-0.10869793425781964,0.3800206896197906,0.11068364895052846,0.5569012179096061,-0.16786304526651802,-0.12262355814071593,SELL
0.18666418259233006,0.20565158026000852,-0.004210512118020565,1.3857932270566902,-0.14482735872972685,0.20257231125629901,BUY
0.16800324174766243,0.22081756949604203,-0.012944813099494606,1.1264864554962584,-0.22102211256358958,0.1880546852527163,BUY
0.09489749683376233,0.14549981617731084,-0.08750596068717101,1.2265920240136616,-0.12928276890454388,0.15795972814846793,BUY
-0.056945513489168154,0.05328506752392284,0.042023679549107684,1.1093470293573957,0.001575676649929001,0.3810692928991978,BUY
0.18921173207170336,0.13780964458788442,-0.0028879484281708334,0.6018379036055865,-0.05002969380386928,0.13188052871542227,BUY
0.1225628163880281,0.10349733312308754,0.013293012863090925,0.4962454832876889,-0.06668285465056122,0.06932013826161468,BUY
0.10091156620564848,0.07870967965094888,0.061392106796371915,0.6915238974106197,-0.1322959571322415,0.2127754685170967,BUY
0.0072765257503260294,0.30056519593969544,-0.1971539087421191,0.23584250474670182,-0.3362837482897962,-0.3,SELL
-0.05471545335419434,0.1991003762618041,0.20846315659229014,0.731792702192326,0.06652601806799831,0.3304569540889299,BUY
-0.11626316324627525,0.20657813064297886,-0.16801067137471343,0.16039737633333578,-0.24577794612427847,-0.3,SELL
0.16591083879034454,0.15836843443626253,0.00291613629219753,0.1055243440380723,-0.02250213323291808,-0.0058614684755885355,HOLD
0.009521701441763869,0.16789902422895944,-0.10668220614227837,1.40409851526457,-0.19011663386516678,0.06232515038356257,BUY
-0.07917282232166939,0.24751854775675333,0.035702066216443895,1.06507160482305,-0.14335309765386783,0.06085047506679328,BUY
-0.04291518154727163,0.17773640169133492,-0.07389645104128797,0.8865857258923564,-0.10494000845132093,-0.05079811795970498,SELL
0.05272684912966358,0.2171485756617313,0.18700292412817177,0.577542855192281,-0.09649769807481373,0.19713530239559302,BUY
-0.0881295259712689,0.1662796991508489,-0.0216380747169109,0.8987532205591038,-0.028812292589320984,0.07446670346959566,BUY
0.14981499943233142,0.1560492976487567,0.08744000009579678,1.3482060868736645,-0.054867160647514755,0.4,BUY
0.11548183544232352,0.08151600840786964,-0.08800412233345448,1.0133321875214105,-0.06106871166312007,0.20445563547970896,BUY
0.10181203458282787,0.04155756563430102,-0.19126723227769213,0.9434747971349058,-0.11482178269261377,0.018905145921424445,HOLD
0.0012325639212862893,0.16169066692535186,-0.018130458974025765,0.7442863041603491,-0.07133056939396687,-0.02694260903781484,HOLD
0.0695580942458551,0.1839547684395263,0.041418920301230566,0.5839758429112012,-0.014865655950730416,0.10758748846357838,BUY
0.05443428911945744,0.08997089743038462,0.006796218067787629,1.0779659594903965,-0.05782834811227644,0.2405755306193812,BUY
0.07744631054418699,0.17758675944757568,0.232906463718487,1.47337331742214,0.07309616935631122,0.4,BUY
-0.12044448760103882,0.18376267940933513,0.11807762823071277,0.694660770928826,-0.09360634677227186,0.06387864889974755,BUY
-0.0044674092402866294,0.02907943957584344,0.24805141028142785,0.649087285619881,0.11997770233465058,0.4,BUY
-0.13543503914833763,0.1159412738364349,-0.06722295935871261,0.6993588613110594,-0.07199823123319349,-0.11205131988883153,SELL
0.022896786735581626,0.2085084725614828,0.15507397582321597,0.69576155526961,-0.11650459684172175,0.14507471003849265,BUY
-0.03454857568352514,0.20709411105770206,0.05000131039597622,1.4868746827158932,-0.09356545724436414,0.3095575588886073,BUY
-0.09941653389688358,0.09924275585201674,0.07529215950182472,1.0894895605130768,-0.029060492817961508,0.23453335972635872,BUY
-0.11380896129710692,0.19109136353498143,0.2436339401990475,0.6028582288948283,-0.0598608508552121,0.2221392526311407,BUY
0.0556756002621992,0.25156850577523304,0.09429423988800262,0.6201033233574116,-0.09532328580023243,0.11230844290792853,BUY
-0.09029246101208986,0.23439510712936287,0.20446760155161303,0.703115694641678,-0.05153554635154661,0.21626561855480864,BUY
0.173792041431879,0.17332999490902457,0.12658760562366117,0.15139706261262958,-0.05699230206131111,0.15828476958089502,BUY
0.05337139889513823,0.14724165806729952,-0.1426762452238625,0.83894296282975,-0.14884436638285894,-0.07063528029285013,SELL
-0.028595568412807026,0.13594588609658467,0.11474066964504065,1.2359333321318706,-0.04017177674611551,0.38418896417170567,BUY
0.05682042201849585,0.212747384803676,0.01794201490846689,1.0247949104905147,-0.13885660598113522,0.1646275773930884,BUY
-0.14201864513960588,0.19365727812000216,0.2134590968420541,0.37778918546615825,-0.023819023384430572,0.13019182839819307,BUY
0.18549572463450584,0.22405828042715403,0.1630755012357048,1.119247937929718,-0.10140047838019953,0.3576994837062162,BUY
0.018806202930015087,0.18923116691848063,-0.15313939057674866,1.1072420488648425,-0.041953981808287855,-0.028528852898067922,HOLD
0.12395732953760016,0.23731347652432094,-0.1397379603558987,0.46755490190859583,-0.2687499323302178,-0.25637932936484265,SELL
-0.12104450002714649,0.186621477307039,-0.1686750491906275,0.972024519599709,-0.20867970992219737,-0.25587931798314023,SELL
0.02033041579335612,0.23492821012921805,0.02196019363507784,0.9553286463707106,-0.1574599538523467,0.10707971490353177,BUY
0.021747448024082322,0.24095759392566474,-0.16365270835669116,1.2757026733986543,-0.10801096898184843,-0.049290933670432656,HOLD
0.17823925924124398,0.12368313588426305,0.12565525145861234,0.29050123656681776,-0.08995451344598786,0.20351392597550522,BUY
0.05010481833162639,0.05342991671904776,0.0485613616526947,0.37277390631613183,0.008662709528954721,0.1954984442333402,BUY
0.015721290369933832,0.28804449992101877,0.17614825789891408,0.7803573052749273,-0.08994769354071863,0.17402293165668223,BUY
-0.05655851791783725,0.19796611114985832,-0.07409189509790767,0.16180320844922985,-0.13173630949535067,-0.29325715492913906,SELL
-0.03395085093010673,0.05998598731527148,0.033613352872513325,0.6818318766423891,0.03927090689038946,0.2231354439946196,BUY
0.03223534086503821,0.13003263519469022,-0.14713414134025504,1.2035066587996126,-0.07608176966556172,0.01759712108705698,HOLD
0.0036190111067663233,0.234031200465888,0.1980745011926262,0.3082001515775975,-0.08373676112848817,0.09466856775990952,BUY
-0.14243577204188435,0.1604226218206975,-0.12124776696957278,0.7439282317111346,-0.13505180740554806,-0.17876971637323597,SELL
0.13920217346802524,0.1441557006476611,-0.15393698689231777,1.4856769267354224,-0.24127331675313096,0.11050678338624396,BUY
0.16365627014391834,0.27806173022190767,-0.10772723066456752,0.80828801879481,-0.20497327997287518,-0.06950851887432631,SELL
-0.10091281885048622,0.10668989975313325,0.16280416992534164,0.7976533537709267,-0.038591743273339245,0.22218782654661245,BUY
0.04391265023866728,0.12412926495716162,-0.15238346254189275,0.8823110172138353,-0.14475006528907988,-0.11419775739157359,SELL
-0.11199849060259476,0.19479705325337873,0.07649237267717468,0.3604061184658377,-0.1705498761219921,-0.08530839677421345,SELL
0.08528403256393408,0.20733184524377174,0.13578158527680656,0.30602943576032193,-0.04984285869958664,0.1411044635017974,BUY
-0.05156817565634708,0.21474401240385121,0.13798652221729202,1.048296480761152,-0.1584802333341743,0.19229903870016463,BUY
0.0807979221421656,0.24378666311982627,-0.11447260102634099,0.6540735338680782,-0.18464680794285282,-0.16800721025180207,SELL
0.10444811500040893,0.19390050344770618,-0.1722692007300746,0.505869279501666,-0.246573262011781,-0.2483442124604576,SELL
0.11902662217117996,0.21425687572568863,0.001962872697497925,0.1439482678878566,-0.17025102811320822,-0.16399100990664495,SELL
-0.11229066891543621,0.16185535184794417,-0.10888159463995427,1.2844706960498755,-0.08292924383749006,-0.004845460750823552,HOLD
0.17060414579816277,0.18438888122657,0.11467186405627211,0.14526041218276584,-0.03536868581775204,0.12404318548708101,BUY
-0.06942510318679171,0.1875273926037544,-0.039488240155060556,1.149976373716647,-0.07085157474074971,0.09762692936027964,BUY
-0.13690560533833707,0.19505686950733253,0.002209273464909428,0.6347839825980133,-0.038164055693371224,-0.0991632715089981,SELL
0.044198364287019176,0.23407778653079325,-0.1489317801042297,0.9381629347065101,-0.23866131931715606,-0.1832815549821743,SELL
-0.02017720064814643,0.21886019773613818,0.05539762894668626,0.4467492009662273,-0.034208483940964804,-0.011123904473522284,HOLD
0.14042641009634457,0.18309519020301282,-0.11651411466564172,0.31755953272490234,-0.22973804279700946,-0.20909963213312466,SELL
0.13288801522250562,0.1233611810541272,0.10554354741172167,0.8467432011689263,0.00550572705945751,0.36421099396440926,BUY
-0.03900138751204964,0.18473698806438965,-0.16797402985344784,1.073864772935801,-0.2026986905100115,-0.16832567967123008,SELL
0.18351478827441073,0.1780387550572979,0.2391525665265955,0.37369061292320516,-0.057677233555706364,0.3753864892725532,BUY
-0.048178756650958485,0.19352271058692389,0.10803714036361528,0.7109025264055898,-0.04217527684148608,0.12192454102853344,BUY
0.030269995231100078,0.33445677149982816,-0.11822169448463322,0.7225169584079538,-0.20071516443528953,-0.28363483902866454,SELL
-0.06041221830133904,0.1433359055021135,-0.1936574095421649,0.40237080871124786,-0.11770108778580679,-0.3,SELL
0.17761524951713717,0.20956023133877516,-0.04949169850765156,0.8910692247529834,-0.1347898237615861,0.05804800566980539,BUY
-0.09238726384629364,0.2547923447071009,-0.13123403117650667,0.30430996149438094,-0.19877115422840122,-0.3,SELL
-0.13428128321268484,0.1868601339869568,-0.10171490009620432,0.813648842646012,-0.12645871114566068,-0.16163140132100245,SELL
0.002283971001063284,0.34364915834205156,0.19273761629705027,0.25880411591239927,-0.11390624471055127,-0.003590182396125973,HOLD
0.19733144741954298,0.1535372495787966,0.07144209702288229,0.7797593723971924,-0.03647771895882603,0.31351800603426205,BUY
0.16208704318921988,0.20268624556240328,-0.12059405613699524,0.5362386768257795,-0.15964939673670434,-0.0659313121325487,SELL
0.11201280680993222,0.12408359785749125,0.05049673030935198,0.7331448089141489,-0.012112275365435757,0.21998842233930818,BUY
0.16177737180748367,0.1553932685399695,-0.08489870595875305,0.7072491032204438,-0.2085558338350043,-0.06981253715240174,SELL
0.16270632389425213,0.19742537372776606,0.23929038896114013,1.37110637194603,-0.02930274240652288,0.4,BUY
0.031600426135257154,0.23924128436154107,-0.18525924638133714,0.7859098399390477,-0.28684079386173883,-0.3,SELL
-0.03942483185922245,0.2023366383816502,0.12954328997551678,1.2458984654276242,-0.05574956615853915,0.2865926866002768,BUY
0.12020435123884579,0.2681380394534315,0.14784866178614225,0.4159133500764013,-0.019646850164917087,0.15279097869374045,BUY
0.08158144210871637,0.17335242825851296,-0.1697767562190349,0.5929159124879624,-0.19562639854007016,-0.17582396316135812,SELL
-0.019219794894201475,0.15674820291126962,-0.1226587860958918,0.2051251328864673,-0.13674983467025772,-0.24476858786069794,SELL
-0.11693666617846965,0.3692789575095571,-0.027062003403219098,0.689046912750091,-0.19456784012093992,-0.2735001609786349,SELL
0.11137636397215908,0.20759663546094215,0.19066967193808054,1.0361798419049033,-0.1516762590896593,0.4,BUY
-0.05813881942699736,0.12963629178150166,0.041649972288324705,1.2734338477531546,-0.0872273102607805,0.23911294916315348,BUY
0.17788460268682274,0.13140153664263515,0.09488808250328074,0.8922808765188173,-0.022659906020626275,0.32285396998718163,BUY
-0.06566029874801034,0.11401240598280615,0.1523557759555792,0.9961017374303098,-0.15231486949031578,0.306489255632224,BUY
-0.10703472365597988,0.24555985490997517,0.17265525475188398,0.34817390866372744,-0.1271142356989801,-0.06774518942215105,SELL
0.14088943524371714,0.15449358949747305,0.014328044387656474,0.15208845352681513,-0.03192203727435677,-0.014852130446688372,HOLD
-0.09635048918142708,0.18891537329595398,0.028956912448066585,1.2083634032482424,-0.051616613975809494,0.1781097837513123,BUY
-0.08725609214479131,0.1755543927893212,0.12310263568950075,0.33385349041780094,-0.0373756700292874,0.03332276101830228,HOLD
0.05978397703229521,0.2312044685558654,-0.08149593856896813,0.2276373497458534,-0.12721117456394762,-0.2479312801524399,SELL
0.15609671429311253,0.12072791349811858,0.18452038136448595,1.4125872492692335,0.012126616167996427,0.4,BUY
-0.08124786699989936,0.1047099399699889,-0.1906459289858713,1.4489299096828472,-0.11131459020422614,0.01740581916076466,HOLD
-0.041386714484966836,0.1957008115027116,-0.11190277900562391,0.9627602082434924,-0.17796428394590721,-0.08572021753767023,SELL
0.12209169338441214,0.2220671499289928,0.16008997436642647,0.6300921817622107,-0.06341366606472046,0.2456291243195484,BUY
0.1901392491213386,0.20327726191683484,-0.0468838046482975,1.2665353573496727,-0.17233839833021103,0.16408580601194273,BUY
0.02525941517081981,0.12333823896318705,-0.13257522528846233,0.38660794306957735,-0.0638588662841815,-0.19597841645335,SELL
-0.09963587410706223,0.22742393894639756,-0.11596035992986851,0.7011492584015546,-0.10676053686467583,-0.24819643593773652,SELL
-0.14512229930212944,0.12792973510330558,0.03884038087123129,0.5998242186008425,0.007773951321362847,0.05279554319492033,BUY
-0.06962038950040066,0.14349229486495316,0.18078168820524448,1.3777799870383542,-0.0341881397207672,0.4,BUY
-0.10386222377471763,0.11392325326945983,-0.16820717790300024,1.3876883815071832,-0.18332552509113037,-0.05467601147527902,SELL
0.0871805357645001,0.27108108440564216,-0.18628359089390778,1.0112402968531329,-0.17331340396344025,-0.23770425072374501,SELL
-0.1073586233800141,0.22433950787191442,0.009325661126579399,0.25503619638176855,-0.10367808014294624,-0.19542378522042234,SELL
0.02721547606722155,0.22234953629752113,0.23028433677413562,0.7750699055216234,-0.024866769992676303,0.30794722542217007,BUY
0.09299185247501027,0.26730479947997154,-0.07444558846364313,0.44345971271367945,-0.2218427193206975,-0.20459500573112924,SELL
0.053390813227315814,0.37688544737671065,0.23162674258017174,1.3388819284582747,-0.11219738076211945,0.3313608200238171,BUY
-0.08007852191897984,0.060354172726289096,0.19945652946550058,0.29376391862268264,-0.010693794832669967,0.19616264858655705,BUY
0.13144358416379195,0.1283136393386024,-0.07258921562562001,0.1760343862049903,-0.07432075204945784,-0.09064672266879509,SELL
0.10039249536553055,0.13686774410778332,0.16762662891526603,1.0862006469701095,0.05387434008174695,0.4,BUY
0.1086444013704396,0.12044262643321149,0.10864028615596844,0.734600504955414,0.052742815797858104,0.3684233421819071,BUY
-0.10412978695494035,0.1045691726677401,0.030320075007140734,1.2737108426443182,-0.015187270892296954,0.2688570760247351,BUY
-0.10668616872237938,0.1590242855161244,-0.009687735630706379,0.20448148363703647,-0.16839074304301327,-0.21494179274214148,SELL
0.17464689285227766,0.09483773992974164,0.16697624016645551,1.2215065856509795,0.0197543586560383,0.4,BUY
-0.01084763216127077,0.20345296572761892,0.15688574471275957,0.15226865398182166,0.04766660565141813,0.05483562967413276,BUY
-0.04466795787667109,0.18361888250000302,0.14062135117415164,0.13929801667953975,-0.09735336855245537,-0.08716540454080302,SELL
0.02100441587303667,0.21367200653345586,0.24921517804688315,0.7458420524234415,-0.03147621134683109,0.4,BUY
0.08200247446725384,0.21554099161467766,0.015330607423622744,0.4098078055529125,-0.05251613440930861,0.03767127563284935,HOLD
0.1844681399664395,0.22221047973986735,0.1631153400189621,0.9312061898091428,-0.03722345573265627,0.4,BUY
-0.04974382059128074,0.15386137442232822,0.18811526514256532,0.1361437918960586,0.10693709762788445,0.17116806575373328,BUY
0.17368295025920946,0.3284800381843567,-0.10477883834584224,0.14954535930816995,-0.2756430274103803,-0.3,SELL
-0.1412991780148103,0.19641017815374684,-0.18107010107612256,1.1180078946407166,-0.2397619366097382,-0.2502493693434055,SELL
0.04431931481438864,0.049626067316264344,-0.017863219015139153,0.39423122748923634,0.024285343795944422,0.14963866871431458,BUY
0.07189128908837977,0.10983369779636476,0.18553150799654916,1.018983973125027,-0.05148154689277599,0.4,BUY
-0.11293590868723635,0.05816479076805289,-0.06990352346247039,1.149891026101062,-0.07269868328669672,0.09350096621886478,BUY
-0.10088114102763057,0.18121342404059151,0.11500456933034081,0.1830636320149544,-0.06600855393519742,-0.0983212478158634,SELL
-0.003309988239293654,0.17147363431626664,-0.1966933374210818,1.177655536249935,-0.12976204188889662,-0.045372093539431294,HOLD
0.1881811692501136,0.14721020114703795,-0.040086005455893026,0.47578970514580043,-0.07364712446931763,0.05084816936361779,BUY
0.058614893632030485,0.320764827868036,0.07698251264116801,0.6453643414796475,-0.13881264595551124,-0.05756294708055519,SELL
0.1765581275600739,0.21842880118538377,-0.14160926446744843,0.22129486921344338,-0.207822530393293,-0.3,SELL
0.13152632046453974,0.2308268853012434,0.20347311046634525,1.2740819767107938,0.0036433139598892397,0.4,BUY
0.01358356054435203,0.11482485584405276,-0.12967671029731437,0.8850203008560694,0.08052560451100582,0.062494786035556305,BUY
0.1246672072382656,0.11005985760682913,0.20940709525179763,0.806531388986041,0.05229102848276736,0.4,BUY
-0.1437571256080543,0.18257638493678682,-0.1026248110926614,1.455976735263858,-0.14561214502179484,-0.006574720485551543,HOLD
-0.11179960113199278,0.1921104997756558,0.24742540326212836,0.5683080639169391,-0.08118928711015015,0.22935149692944684,BUY
0.1403000152089577,0.05005819030198799,0.07213692098301588,1.3470910010673744,-0.03305421825384411,0.4,BUY
0.12888598091380657,0.16737850840053262,-0.16204479750275994,1.107563033490446,-0.17593053573878875,0.025148038560449268,HOLD
-0.0685757403117482,0.18098504580114533,-0.1706252444846031,1.3999393901931345,-0.20357113728788506,-0.0832033481379126,SELL
0.035769356709668715,0.16493955839602098,-0.16628523668323908,1.3709228738674437,-0.16628172143725065,0.10946345249103974,BUY
0.06210553724500381,0.12306267113573263,0.06545173628092832,1.4874417270364975,0.041243895671296146,0.4,BUY
0.1537086338216039,0.14223253726552018,0.16431064104732335,0.28434745285202057,0.04274307992807894,0.2551877958043036,BUY
0.06108750506855398,0.16761985644990426,-0.018666766203272428,1.214422948928233,-0.11598025617466425,0.15570423852554713,BUY
-0.00559995075421188,0.18635600165270333,0.00017609167683779736,1.2262920969265045,-0.1721571615541799,0.12324736474174781,BUY
-0.019035584807486045,0.22233541077853974,0.06517946664908258,1.0021229394498814,-0.04046107766237016,0.11774594074938147,BUY
-0.0009412697692715577,0.255659934346561,0.039868272153860074,0.4904053415334828,-0.1399013654194608,-0.0712429776890309,SELL
0.07817585895299095,0.1593956593530925,0.1096277798955716,1.4512075802796411,-0.13811130493374463,0.3600898322940823,BUY
0.1536217211133137,0.14806906627192495,0.01230357407336194,0.38619099304629334,-0.04829850420915838,0.08504024206950832,BUY
0.008863908726704894,0.21063589714740144,0.12123730827883039,0.7994055297018146,-0.026602280765235443,0.16827736365773427,BUY
-0.06325615296702466,0.2227591441487598,0.24878983414598532,0.8300819579468607,-0.15543497307759518,0.2422550924998175,BUY
-0.0671681729508466,0.149605969671878,-0.04236597098805578,0.32656108277045437,-0.14793770230499428,-0.16868915904106735,SELL
0.11110499808520621,0.23532754338763207,-0.19450304168809215,1.1115403512665374,-0.2245204432732018,-0.06467967162504165,SELL
0.13579906719836862,0.24857097388091812,-0.14346872950175538,0.22441402985233566,-0.16980453056382216,-0.3,SELL
-0.11315267205105625,0.27041805259610713,0.04908138324412922,1.0703368903853954,-0.16840560749122113,0.007060354472651893,HOLD
-0.12670440006568764,0.30448246347038754,-0.04508399578490657,1.2880616948068917,-0.24233017149489194,-0.13016874330625533,SELL
0.05805178231475813,0.11935087029383926,0.22299216716724662,0.5891549951153593,0.05394480717460922,0.38456376619956795,BUY
-0.0988393645325556,0.18097287465327577,0.08235074054832231,1.0931891320388802,-0.0990595472383445,0.15171673630923826,BUY
0.13863246665971943,0.1807894387633062,0.03415983368446057,0.3194836114069897,-0.06770699725676464,0.06625330846936214,BUY
-0.04138286412657395,0.17313485020272446,0.15911777557240842,1.28432860203403,-0.09580958264140083,0.35035584541136333,BUY
-0.09964482346010006,0.13455159562729047,-0.08363455802790719,1.4328443779745146,-0.18180143154935707,0.13864233835442047,BUY
0.17233966537060755,0.07601065977382498,0.16888234312706185,0.31377117089968765,0.05970999926504961,0.3817198117350519,BUY
-0.09206389704265264,0.18648756122203025,-0.19862250281115817,1.068603263561265,-0.17871554234182074,-0.24185250251435864,SELL
-0.05034797118172256,0.1262151038316461,0.07885481296107294,0.8081635351791361,0.0019356495472518664,0.19586063964195155,BUY
-0.09623531168277948,0.18601954365233375,0.22064071797060053,0.84409906456533,-0.04998508904923213,0.26239380477696916,BUY
-0.10957847771712576,0.12441695208108025,0.1545369784152415,1.0890856060409635,-0.052590645006538796,0.3445961447005712,BUY
-0.142598194282246,0.10302391579089609,0.18413538646631172,0.7842366990710121,0.07987574948903257,0.2790299093263719,BUY
-0.13061160679250897,0.19640088522638283,-0.021370387172824773,0.9404569488248034,-0.20253662420468313,-0.12049190573197628,SELL
-0.08887548517245156,0.1905645068764547,0.1709075257450568,0.4232614271759281,0.016597341631181137,0.11684284969532821,BUY
-0.13131632358048861,0.2205497379924653,0.04787424926361997,0.6299092350840824,-0.047154907715912034,-0.011896764964502989,HOLD
0.05690033563883992,0.3330104636492338,0.07834310642643949,1.3113364901001028,-0.12546455990566072,0.22940403349752791,BUY
0.08825008437982723,0.19941026718475927,-0.17348809729888842,0.25386351630773984,-0.22343177508093331,-0.3,SELL
-0.012229340108790121,0.21395572369448906,-0.10930173627152355,0.9366053653070958,-0.21292032056157079,-0.11924877163692427,SELL
-0.038703116066782714,0.1045707069792872,0.04793398698109866,0.3580018871288463,-0.05407161804504284,0.02852042017921086,HOLD
0.026584182957780533,0.08991647916245377,-0.17353952397942607,1.2851554370927207,-0.18811768093081266,0.05109646270122373,BUY
0.15625172978211296,0.2907980612741334,0.13365106296447093,0.9106615353949696,-0.1691031115163715,0.17580575074468005,BUY
0.14789606938777208,0.11535641540466873,0.1780256538348557,0.6642682957383795,0.03423312686659335,0.37114062940507875,BUY
-0.13478372829552282,0.10692391499719504,0.2141630625826622,0.44975454311254504,0.053978331745955725,0.2656009622614609,BUY
-0.08647555664121657,0.17726307551484127,-0.15420419336908733,0.7115825788654881,-0.22051826398328753,-0.3,SELL
-0.0671392951134614,0.1736865310635828,0.22287411161026005,1.4406572562904392,0.01874382277095806,0.4,BUY
-0.06271434845872587,0.11682454454896957,-0.16957099656681726,0.8128930056410687,-0.11520796006911832,-0.14472070846064602,SELL
0.04993142810997045,0.158651874690083,0.013325297167516903,0.7572853443798042,-0.014366693218187843,0.1464735571951324,BUY
-0.00430815100388271,0.2660563002355073,0.1781129592825153,1.1447833389004327,-0.05993177433492218,0.3399084810067031,BUY
-0.1327610580253421,0.12358044738177415,-0.16835998764599508,0.6306658991646693,-0.08856321080074361,-0.21067255789803774,SELL
-0.01923505153914995,0.08244292609436797,-0.19179601715495737,0.6983935298331115,-0.10233028297209316,-0.14344767290601562,SELL
0.03331353205117302,0.24598155346298545,-0.1887735265820072,0.5717268242002667,-0.17410188722573475,-0.3,SELL
-0.11441483398369941,0.21446078383566258,0.03007160774621509,0.31128765746114795,-0.18100368503130027,-0.19801428078030775,SELL
0.1417104938259959,0.13656369655459366,0.16521853506849832,1.0993328998837109,-0.02193802676090254,0.4,BUY
-0.1318133467372135,0.06924830887111573,-0.14265799801733017,1.3222432794370733,-0.100561322940978,0.034823201940430995,HOLD
0.1736946541563217,0.12787636504930056,-0.14392538566420673,1.3678297089398719,-0.14648347064202713,0.2448576177256649,BUY
-0.11531040044704358,0.176170689420551,0.05584608477240621,1.3331241132528915,-0.06116964822753184,0.23171061081082822,BUY
0.14525123305921347,0.2615970462918673,-0.09456697963463435,0.73249732341319,-0.16306603690418658,-0.08388374367653686,SELL
0.16592860037466597,0.107439261759124,0.12859618081519325,0.49769266908447474,0.006587769124160328,0.29935843361224407,BUY
0.1928497382053074,0.17408360829419686,0.22733592467953745,0.9930932494411527,-0.022362989165770022,0.4,BUY
0.13070905809575775,0.22726012619264285,0.1447150329701859,1.4365868766684444,-0.11525656651976758,0.4,BUY
0.1228171392699651,0.013311286191465543,0.19472891487051242,1.1178709074360471,0.12476409794113735,0.4,BUY
0.07486914659844168,0.252365031755723,0.033813725907251624,0.7927879862262192,-0.1204068878598414,0.06768562298373747,BUY
0.12264872410234515,0.09722845994554938,0.17454368689788996,1.0643320043188276,-0.039450294128144055,0.4,BUY
-0.10290672705539852,0.2032396845419854,-0.11769356720599294,1.1815530774361558,-0.1787056146900696,-0.062304392729165076,SELL
0.03762381258167305,0.19726782047275207,-0.1692434493219677,1.386976965859299,-0.2732230558978064,-0.05035757862619372,SELL
0.029978004566645067,0.2559210474024691,0.09517889955610864,1.1685020555610157,-0.11371253790166587,0.2177206212328042,BUY
0.15015025044289512,0.21856470666254782,-0.17662137330887484,0.7064667778902678,-0.21170637045100843,-0.16378328518993204,SELL
0.011979777957730559,0.013589665578901289,0.20161663861285622,0.4830491258516777,0.043769508580034824,0.37793183349567316,BUY
-0.015218676364876282,0.1250654526990806,0.11119936619833837,0.7998343306214277,0.048670484350063464,0.26700240440281603,BUY
0.07384714493298852,0.1896743590547296,0.2284903264340104,0.5594491224476604,-0.0802161908363392,0.2928848224664034,BUY
-0.05673783887470388,0.1663514079716149,-0.058751004659043954,1.4198704297629396,-0.08799159906246976,0.09209958205153566,BUY
-0.1010810561661151,0.21343275108297394,0.018771239140729368,0.811152180829947,-0.011215746946898933,0.05369629138526438,BUY
0.017257045908311036,0.23525565889687938,0.13376066427030353,0.7608788703496115,-0.03378573444417181,0.16514587481067017,BUY
-0.004088720991790251,0.22259162155007753,-0.09074945654263077,0.587474705416808,-0.17143169465198715,-0.21304404403229701,SELL
-0.0686005208148942,0.1650007540211874,0.04383196905025011,0.9951697864082404,-0.13817109676377878,0.10250444682460327,BUY
-0.021370866459705207,0.05075640922156635,0.09676027375246515,0.8280717900693269,-0.059852844861176514,0.2823584004872083,BUY
-0.021762642560813394,0.14811631258016278,0.24046389450116856,0.28066849205755917,-0.013261814495506338,0.22426607987760733,BUY
-0.0353765524556091,0.20914577036972687,0.13511648240907315,1.3168909351626925,-0.10579090595390228,0.31374792727668693,BUY
-0.017187572095574866,0.10366869232146655,-0.1468411173744167,0.6026179650013177,-0.15691500779055323,-0.16891778133041194,SELL
0.09001017090958088,0.22418923110851036,0.013900053122489625,0.7056098019414159,-0.14526919018967255,0.016972198164702485,HOLD
-0.04609323390005014,0.24358753080871132,0.06494685234530745,0.3879338793290107,-0.12528613219138815,-0.11404847819878405,SELL
0.18210027435036916,0.18888068834070898,-0.13401958571104128,0.8747574906650447,-0.14267564990657705,0.020865751061297677,HOLD
0.17072180683836227,0.03446459064186774,-0.005615274358514749,1.0828770874000162,-0.084814675101648,0.2874466999604853,BUY
0.01831864990502749,0.09053381461017375,-0.07219738264887965,1.3336314488763155,-0.11731143163230862,0.1871895431526778,BUY
-0.035073578248358925,0.3120332410989257,-0.14652760598208833,0.17225073096116772,-0.25381459119331484,-0.3,SELL
0.03740217644050109,0.14174235448801353,0.03041887005855451,1.4626646735791298,-0.08265212434054976,0.35558715084941384,BUY
0.1469961710707686,0.04110997438097028,-0.12546511354444456,1.0853448388284994,0.01696915532431116,0.19521083229948658,BUY
0.0784055691960357,0.26646731718171907,0.06574183386357552,0.4980181581761244,-0.12197132712740832,-0.013814087939638207,HOLD
0.1315371397814771,0.1809348914080571,-0.12363638049116056,0.3862646570195525,-0.23869497763926972,-0.22072816958041386,SELL
0.03645279662300907,0.25734583422704077,0.1256177156212695,0.514523086116437,-0.08325134620837843,0.11156973037955185,BUY
0.07152117024366725,0.19938710726535558,-0.11214126963664832,1.3260160523330193,-0.13720558607667374,0.08800106443536956,BUY
-0.0491455350361384,0.21209913953485182,0.20332829534926727,0.5079462424743305,-0.05218456699344108,0.13561426468906895,BUY
0.10721260680860176,0.20541064734001616,-0.18820578955303602,0.7479495883801299,-0.2591985379456842,-0.24568659527091805,SELL
-0.07915839240599858,0.22882418183447,0.03489882417058118,1.0880332759391256,-0.035432244666776386,0.14659960912169243,BUY
0.09317934508647438,0.3394201313989269,-0.055952855351053904,1.3207858092134397,-0.27952741665884057,-0.06232313603160203,SELL
0.15125167391406288,0.24797044351714315,-0.09871556340143414,1.0219996272845457,-0.15522988115006287,0.0005415930121634082,HOLD
-0.10376400694445961,0.06937624775081254,0.012221250624316615,1.1543528751481917,-0.026734721947564113,0.22957098637674134,BUY
0.06503290918967192,0.21126630606952324,0.1789087913459173,0.3426575148143378,-0.025155739651858515,0.16334314309403442,BUY
-0.11671648811952288,0.25990365376722524,0.2118747424869919,1.3283709587675943,0.01415060094282812,0.4,BUY
0.10400046989499942,0.2641890564575302,-0.06353812183346941,0.48600685706535485,-0.15584673900085413,-0.16969996559343495,SELL
-0.12042737341176792,0.15013765118586303,-0.13059037005721796,0.27972942967912195,-0.17025195008658167,-0.3,SELL
0.1775789379452191,0.26154611116316895,0.12406320140483823,1.466742006476937,-0.05200277237956802,0.4,BUY
-0.10190722448676924,0.24494196796858436,0.06189942645519475,0.38229589563582533,-0.1537603827012787,-0.12917758022060497,SELL
0.1856080860681781,0.36007622058788114,-0.10954273309509806,0.291312758109167,-0.2516849250210045,-0.3,SELL
0.13030946162978382,0.1274998784626042,0.14213310463934647,0.9764292601425011,-0.08430086562261342,0.37988492390406337,BUY
0.05778870156322394,0.14448195965197022,0.0335186958589635,0.5464084092945334,-0.12494575881443436,0.059118677171701196,BUY
0.12391843662034138,0.15857166660780322,0.0940278397783334,0.2866888872526906,-0.05496253053153926,0.09199414423327368,BUY
0.12829019364408004,0.1456844494972857,-0.038297434716475065,0.9415695641022264,-0.08432530815591785,0.12044573572006156,BUY
0.1811094719860656,0.11769854751654778,-0.0024060974139308022,1.1625793181111297,-0.1567010986100525,0.313146637385003,BUY
-0.061315826156284475,0.013387285397162052,-0.11884605573127602,1.2104777238900193,-0.03070642513077443,0.14105548533607756,BUY
0.056526563375408206,0.1495710368393806,0.14043214044040342,0.3177176414171813,-0.07454121475738187,0.06841399227344588,BUY
-0.11673278085245957,0.2058550641789933,-0.12934490413169367,0.879613895115919,-0.11126659937651512,-0.12872605127137596,SELL
0.06565799500844244,0.14547447081458625,0.1502361676379776,1.239149718954045,-0.04478843687478612,0.4,BUY
-0.09004804356752391,0.31547668284703767,0.1591035346980637,0.3255218159938593,-0.1818257093064964,-0.11613343194799941,SELL
0.047732714015354644,0.18093630689011037,0.13597043382480473,0.3907551524789449,-0.0503833827061817,0.18831715304231217,BUY
0.050350679911847385,0.2703720338628895,-0.19125974537356683,0.10337595640434867,-0.2845388685210967,-0.3,SELL
0.013094803543429567,0.19829942889109778,-0.0770900543269969,0.8344878189534033,-0.08636842199380114,-0.04102868955615225,HOLD
0.03292112142959297,0.23784851169252805,0.010751984256316183,0.3725543756067312,-0.13838180293633534,-0.15189353551135154,SELL
0.11737318650230574,0.19954690877534936,0.06799497042255809,1.1139396060176587,-0.10011398825085073,0.22746022607921892,BUY
0.1297356507792233,0.2758149242332494,0.21364994471607257,1.447099397864648,-0.0504389257069702,0.4,BUY
0.022253625451400194,0.18391575450926803,-0.030977312542083968,0.39225768459869836,-0.17298774968240907,-0.12888547962642324,SELL
0.05985770453291431,0.214728449566215,0.19376049344827934,1.0087358164689457,-0.11579055512684296,0.3505356848282971,BUY
0.17593268249153562,0.20564330535550307,-0.12645682033842356,0.3965682460419159,-0.1535511323765894,-0.1829461439853858,SELL
-0.10809324402460702,0.1598200179310877,-0.032923780621117865,0.1252096025715856,-0.16404505840754022,-0.276072411956862,SELL
-0.10901375193496132,0.20834876232472738,-0.17647309513040466,1.1619758719004187,-0.25059900313447114,-0.27567801503419326,SELL
-0.11930184583123105,0.33640703723383775,0.13412018097502998,0.7076065473112498,-0.10635834838924627,-0.006854719496156734,HOLD
0.08025214976418474,0.16107221405331906,-0.1322062591551892,1.4255016061205144,-0.12327262659487012,0.13150235151144918,BUY
-0.0034870947233671956,0.20936254249972738,-0.08434099295819401,0.8480002350007677,-0.2220453998057596,-0.06820428496079883,SELL
0.12101249564964514,0.268044526560861,0.14885496348694666,0.3204760165659576,-0.13224153268880473,0.06704426034369063,BUY
0.08493099465800741,0.2598177296660996,0.0406225228402195,0.7296842185161889,-0.18482820646088796,-0.00993747776978154,HOLD
-0.033226784585116645,0.18082014924035555,-0.19371227626169185,0.3840485127284231,-0.09716103514686104,-0.3,SELL
0.16442829157653752,0.013162790792984658,-0.1989941578636713,1.3292409817612043,-0.04219481624272889,0.21717464528165095,BUY
0.11688625147472828,0.21616919730539264,0.029797284282953668,1.0672644532425346,-0.1388248469703178,0.1967612827307806,BUY
-0.0553127706814385,0.024636801896386284,-0.06277001881286234,0.577734326516585,-0.011080354195802073,0.04036575620742309,HOLD
-0.022532793779781096,0.28289560616588616,-0.1188598493021703,0.8389484519299966,-0.28509061271694125,-0.3,SELL
-0.039946006928507985,0.19186317098352823,0.07611727197224993,1.0372722634982399,-0.1183033013606916,0.11684031514607815,BUY
-0.09483592298125013,0.24997718139103925,-0.09720358772715781,1.1960008033035954,-0.18362458062839235,-0.09865240741829795,SELL
-0.09827581961023292,0.11685222032732641,0.06649321735822655,0.21220609381875838,-0.020902507795809572,0.022048603281670874,HOLD
0.17764461218151043,0.07132447686899618,-0.02933032223617721,0.1315263787933455,-0.059399771291540795,0.02646926364408148,HOLD
0.0032664130195636243,0.1982528068898817,-0.11596420204859463,0.2602337760378457,-0.15293668941765556,-0.26979873143834865,SELL
-0.015838062027906552,0.17764775920307005,-0.1378528679590631,0.6529948342415881,-0.15781297970781097,-0.1696682510853967,SELL
0.10538999803708224,0.1455921421689984,-0.09341272859272037,0.7533892541149287,-0.13289924683960305,0.0022359189643033003,HOLD
0.04354757283851496,0.18592628965129346,-0.1865755513941567,0.2910462822993877,-0.20099327395798344,-0.3,SELL
0.17764899539346177,0.37372051244225823,-0.0613428670836792,0.6756143930594474,-0.27008269793271583,-0.1924962417153013,SELL
0.12310552286828727,0.23841678831583404,0.20587961058180737,0.7182719009065627,-0.04910135332534806,0.35732849600378314,BUY
0.01777934744358911,0.2534649024104323,0.1741129566473627,0.25272594914848134,-0.061892979327341474,0.07759924608351397,BUY
-0.01827418428171082,0.2390755824087349,-0.0325983094761535,1.3833239442740277,-0.14656671486976064,0.12281823826478902,BUY
0.19532104072351272,0.2835623500696535,0.05912512836181172,0.9388042986227906,-0.2054172111971204,0.12634919515008106,BUY
0.10121608260127521,0.16669498289694784,0.0553122515563263,0.6439497426387949,-0.12783848167279757,0.1169434342736736,BUY
0.18291813100134438,0.03616670846272943,0.17293189263717051,0.8096700568610893,0.06741682227463391,0.4,BUY
-0.10853249797403552,0.1667989706895793,-0.09366945431736548,0.5398764810563295,-0.06396349910714987,-0.1825209658297033,SELL
0.14768678771677388,0.23682149969975513,-0.06662563004314445,1.2960634443024301,-0.1611223787591731,0.16250071021000012,BUY
0.07297585939692264,0.11211397234194483,-0.06419655481447484,0.9050210581959051,-0.11353042595480653,0.021384364618451154,HOLD
-0.10732741258271059,0.16765438346574688,-0.18160850460274655,0.7928541401509608,-0.16201900914840794,-0.2586872732369803,SELL
0.05589029998922723,0.13157611798983807,-0.05839046151986352,1.3752395643338367,-0.15914292652751968,0.1888202465433752,BUY
0.09013372778690706,0.2851420476290191,0.19506119946460315,1.2731715775276948,-0.027613590964747012,0.3870396814590631,BUY
-0.145694059938989,0.23246199107845947,0.21039444140716645,1.2379226479961891,-0.04598971085880767,0.3476222563295156,BUY
0.009011286644611288,0.22560784344507712,-0.15066409440415235,0.4158528859245818,-0.2291032044892346,-0.3,SELL
0.1388898289187124,0.223512091918468,0.006126343728294126,0.31437235605569946,-0.1399964909644069,-0.0745216818556824,SELL
-0.04662434112956855,0.1773925523213511,-0.028392994285562412,1.0661351275978468,-0.14414454071021643,0.09927148547937026,BUY
0.010491828629492883,0.19382893977692525,0.02021163848052454,0.7560991588779542,-0.04262920963310364,0.11130026386579109,BUY
0.004809944473762623,0.09703707936273775,0.049623785826404726,1.057197798139581,-0.04848473775943371,0.2949564249222639,BUY
-0.04432541299512795,0.026949061487460263,-0.19088355799201429,1.1648781249555629,-0.08475457278350224,0.041294692556787735,HOLD
0.17145466343044394,0.19050567912415167,0.1790090115645223,0.5134389102826513,-0.014013480016117477,0.30736360103974814,BUY
0.12345291240103054,0.2026793179390501,0.23814883292800232,0.4985106063719321,-0.06338638778045622,0.37554819858543553,BUY
-0.11129405615136131,0.26464851978977644,0.09403216540163906,0.7871641927614571,-0.11149077240645237,0.03881224952774705,HOLD
0.19896213024315054,0.28999350712576577,0.09720350732201616,0.4829690389370963,-0.12139292287694249,0.06573443405539715,BUY
0.1577200085077108,0.28989989394992627,0.0375909360238188,1.0342133864226792,-0.2366075030114593,0.05777840924781251,BUY
-0.05063204674758637,0.11013834846942853,-0.04957696472852821,1.1454226242330035,-0.0732789705341879,0.14601017756415663,BUY
0.14291380288132835,0.15534144755351614,-0.13295997911921553,0.760854524474542,-0.14867696342695286,-0.04583504952454172,HOLD
-0.11275316384501599,0.21362340071169655,0.06282850421322278,1.1133196718381007,-0.09654432413592899,0.0796991806545811,BUY
0.1996866556659835,0.35723332744195246,-0.17977636842085684,0.8146125966990866,-0.2844690581589859,-0.2666994757574196,SELL
0.08298965763728791,0.2836069442599741,0.17102615546134325,1.098020410753813,-0.08879521072394304,0.30507732878283206,BUY
0.07754375544557893,0.2583578013398866,-0.010589735238223041,0.4149555469140155,-0.09238341361541327,-0.0786527650581075,SELL
-0.11834574555555354,0.15285484311154965,-0.013360599127111322,1.1343802643062588,-0.15603251612202979,0.06622598689318451,BUY
0.16396168961381882,0.11817602581914127,-0.05277311368584242,1.101173632839825,-0.10912247774084274,0.1980513870251783,BUY
-0.1398501738784357,0.23522355183682675,0.23620924991436387,0.47324798986884864,-0.01331949968820867,0.16566214414999023,BUY
-0.06571017968559853,0.10295371150359478,-0.12128737125317653,0.878359387456245,-0.08624088201703192,-0.06188369976873624,SELL
-0.09994234369167775,0.1633094554313788,-0.131911480336155,1.2974363350241622,-0.12777998772618507,-0.036552296514768656,HOLD
0.12186877924227649,0.1719655435698654,-0.12551082430473642,0.44933170576141457,-0.015704795080146938,-0.10408518448650059,SELL
-0.08062852047548574,0.29150384623859654,0.09633736728284381,1.130371697620547,-0.10566058462418511,0.15423510127150353,BUY
0.16872337949580982,0.15517118879282257,0.24635289342831923,1.435553404005642,0.0619853339083854,0.4,BUY
0.07969416376462155,0.009252525299916908,-0.0940361733192104,1.3127386876605909,-0.05851958745025973,0.33330617802576185,BUY
-0.1373430513268563,0.21531112533637278,0.2075278286803695,0.6621281157523866,-0.09582116242453997,0.19861106297028316,BUY
-0.14809955805495484,0.13106847028272514,-0.07462254835632243,0.9500908261833938,-0.12420597297384575,-0.08249888182427807,SELL
-0.13191972904496038,0.18298417171064227,0.09155496405638508,1.4884781879537854,-0.037570508836661125,0.22445512459906913,BUY
0.062073812176704685,0.17393067094105133,-0.18177547162998453,0.8958123759260058,-0.15672719847516584,-0.09831541556444269,SELL
0.13051863380079534,0.1608407202927562,0.02304428855928503,0.2610386434025132,-0.06712414822199572,0.011782112306366128,HOLD
-0.06650651278041403,0.23532384072492926,0.0945564848255418,0.16360305669026526,-0.11408892984459723,-0.14864433876672048,SELL
0.1472930950230755,0.07269945851531048,0.04134389975018285,1.2064403136416397,-0.045772246149761914,0.4,BUY
-0.12996882094635887,0.14380900425319476,-0.092974076803194,0.6930796555625846,-0.13246789548785834,-0.1753518538503386,SELL
0.13033734877458666,0.2278826539182167,0.172823626720562,0.4455380468808722,-0.03137636915444457,0.2601736604027046,BUY
0.17472840056029812,0.1370140657258942,0.23656143005720814,0.5867408429253258,0.05445250399586766,0.4,BUY
0.12023793968653321,0.06738353035110195,0.0066382430614293775,1.1603220131650331,-0.08808690346965081,0.3687629423226822,BUY
0.09434227439252302,0.2267988740279715,0.08616366933516417,0.7513462698873608,-0.06349672871114476,0.1870447888043243,BUY
0.14329307652938408,0.25861662413090775,0.15568597075550766,1.3158992895362271,-0.12543164771415305,0.3886827528047905,BUY
-0.13594704515852674,0.17685033546498954,-0.09132992272019272,1.128895824288779,-0.11919608777501814,-0.06528441542849202,SELL
-0.07937626124833061,0.04274080810713271,0.18900267186795344,1.4636198106235951,0.04035829675977734,0.4,BUY
-0.10627671224302493,0.22941788226891713,-0.07390959261050112,1.3439052735057806,-0.08892513894360152,0.04732993716636464,HOLD
0.026585846567545285,0.06380784830062182,0.14912386158185748,0.4563660965004128,0.00046110420331262406,0.3108980248210649,BUY
0.11081584491509558,0.2016159493793716,-0.14955534540811008,1.0226829259235746,-0.1718611157461278,-0.06124150248143586,SELL
0.07050414560173954,0.11787753226804881,-0.07022598346362363,0.12876024833940142,-0.06848725486830735,-0.12663009584994278,SELL
0.14789588491667724,0.09881124999631241,0.04012897027294046,1.4875494142014376,-0.08693310439475538,0.4,BUY
-0.09567545264561819,0.14906629880442168,0.03621494306694181,0.4654085523236352,-0.07859665482722356,-0.04439509144520515,HOLD
0.10711738217730651,0.1671691710500918,0.18269403301886478,1.0307131310730175,-0.04055313365366603,0.4,BUY
-0.08243547819588357,0.13490542247294862,0.24825726593737324,1.2888150696793914,-0.007331021279118527,0.4,BUY
-0.055234437038769915,0.22120922947506055,-0.15175511936293673,0.32465052781916004,-0.21541373550437304,-0.3,SELL
0.09846664404845634,0.14877514350788162,-0.07787534022873334,1.287031079934671,-0.06481449228938257,0.2201777553606075,BUY
0.1930716747145386,0.24861336101702752,-0.03908080539961589,0.1171439321071514,-0.19472787550807952,-0.15439608371916924,SELL
0.06404026209197436,0.19968212159504356,0.015513283514502263,0.7187679933195703,-0.08528356541764492,0.029601599221562476,HOLD
-0.13092488975304653,0.13117099553825842,0.022259384419479583,0.7608526715435938,-0.054069093453606006,0.026520435339316518,HOLD
0.06570813947463647,0.11938420813173997,0.1852877784167875,0.6237269985622302,-0.06736441930108776,0.3089628662857626,BUY
-0.13517730694694152,0.06467525906667927,0.14675168625329488,0.9209386448206995,0.04585399098263246,0.36630553198917093,BUY
0.15945099897838602,0.20035132245067755,-0.19151678943292103,1.380779288183685,-0.26749316973145965,-0.029786720365295054,HOLD
0.09835239978521723,0.15517887169240493,0.004759792262434531,0.5577847600204047,-0.05979881470221114,0.06512414383871948,BUY
-0.08940525375212387,0.013946313035553964,0.07813322720983995,0.9109638420329937,-0.0024740790939388017,0.2586520057205124,BUY
-0.11789764796153068,0.14249995890614198,0.007178014191860538,1.328447536040652,-0.08221040700411836,0.19580633791773486,BUY
-0.08576336989188836,0.11692761795215334,-0.14120963478843396,1.1821935531419294,-0.19135442216798254,-0.06031279542228556,SELL
0.19300951284396736,0.2902974314519462,-0.02113666233920833,0.15702657072769438,-0.17651400762661024,-0.20256661590661124,SELL
0.010496224860471443,0.0608054971674683,-0.014754937191618772,1.4199070697787273,0.003962247721402495,0.36011526061222227,BUY
0.12442833191949279,0.07910544401861622,-0.11552783489760857,0.1653056659620578,-0.1340226717713442,-0.11087052897944448,SELL
0.0727429197377219,0.257697875017399,0.14033820151192905,0.9242618641240614,-0.1288417987128683,0.18860434627421774,BUY
0.050344602485523055,0.2749734210224774,-0.05536969393588545,0.9054950684412306,-0.16440087900946615,-0.09201731595520245,SELL
-0.09920441086723261,0.12785119428920508,0.06504428075587732,1.2009463229832424,-0.026712088088825157,0.30074496122987787,BUY
0.18110855874533324,0.1357539924033762,0.0320785814314454,0.3078202725885687,-0.1903299277898729,0.03801060176443332,HOLD
-0.04453007861984873,0.2231364777587319,0.19484218564737493,0.35111854888778526,0.044825305792849504,0.17642423386207298,BUY
0.052306025532639744,0.01710301421382826,-0.14509328066172283,1.1529497058337046,-0.04187144661556953,0.18059101289695106,BUY
0.09492158060617312,0.04971644208461104,-0.14858164628594295,0.3093066533762751,-0.05441659064249573,-0.09659451672430028,SELL
0.0772316043358581,0.16034866194045017,-0.06485614889464292,0.7572231778918953,-0.1293286790552281,-0.007713705358918957,HOLD
0.17920804339343147,0.2884923396290388,-0.005953264343374232,1.1243073262953047,-0.26824438494238523,0.09770378321269205,BUY
-0.09804635352797969,0.1494988938283282,-0.06565598806153722,1.0117387002957536,-0.08222562845909981,0.04006478004021578,HOLD
0.02792345845642971,0.18706557542146082,0.1434341870778597,0.39484586055833326,-0.08312507183327691,0.1486395118914652,BUY
-0.00858796324073191,0.25936524907948083,-0.08963037060081516,0.5255443621605198,-0.16427471297884755,-0.2802396187797004,SELL
0.015959055318916338,0.32748193132947023,-0.16185136575248987,1.4565648645374574,-0.2721697586118145,-0.1065998401845544,SELL
-0.10827386583078938,0.1396206068796181,-0.013790085552133596,0.7281388682168374,-0.07738642939280543,-0.02419851952200932,HOLD
-0.10306688654453214,0.17882142933866016,0.1480206796623178,0.16224046701093275,-0.08683440480873121,-0.04466840823029686,HOLD
-0.052673558976559925,0.307543865493999,0.1827528746140336,0.4074188592528657,-0.06820572231683934,0.024707187470091013,HOLD
-0.04335338868370904,0.0734460507366,0.13000518176350784,0.5794091255265728,-0.05148450970944046,0.24425168017741752,BUY
-0.00023387521152751223,0.25193067493876753,0.05104900532488482,1.4992851660124202,-0.018460331566347077,0.31634325085332565,BUY
0.0638456414628199,0.1087179127347119,0.12588626578712953,0.5237681664676861,0.09702119042337529,0.30037602643084327,BUY
0.07212019109639203,0.18717306569722097,0.10662529088673761,0.13695418829556297,0.011981256209687985,0.09369087176399565,BUY
-0.005866186195050416,0.16301666668198078,-0.09453501537722263,0.8180902085774703,-0.07185005687135201,-0.033677211954933936,HOLD
-0.006925911699956017,0.11293918795091394,0.04784150149143718,0.21704753896356788,-0.05285433008565553,-0.015599142910918802,HOLD
-0.07383001565606331,0.11118286506392074,0.14677419968729438,0.4836946381740106,0.050327296123925745,0.1919157192053899,BUY
0.05590718694315289,0.1993490054977628,-0.05729570215618782,1.4893364465315149,-0.14733650907493917,0.1907499899348896,BUY
-0.03903568103896675,0.24968775297138773,0.09428791602261916,1.0864939265022162,-0.1897733624860503,0.11855985285982437,BUY
-0.1373790580029227,0.17091846577680478,0.016666192383459316,0.1709332809960185,-0.020724531811164737,-0.19951021277223213,SELL
-0.003559984545098871,0.18490792111132515,0.026421482925259004,0.7281614060285143,-0.04393493635056622,0.10353925031954761,BUY
0.015946436281559617,0.2199821846403733,-0.15947523299802813,0.34029251768038904,-0.197346359366207,-0.3,SELL
-0.07104249612852616,0.1119866858890928,0.0997977243874209,0.2721225189629698,-0.08853213464504484,0.0726767006825475,BUY
0.05036027659274048,0.2317784755889046,0.18955916590953403,0.9218915786883227,-0.09255345281847782,0.260465432218578,BUY
0.04802016515117233,0.23735401679418228,-0.13635592038836175,0.8079182454963019,-0.2880120574762296,-0.23175003179160109,SELL
0.09570076338862998,0.3622538409125287,-0.0352524520025978,1.1400132180417115,-0.18419924271765747,-0.04578054357945447,HOLD
0.07678196877042351,0.15367270666082922,-0.17809964532162426,1.3492287195246035,-0.24360893046835624,-0.0368870834404756,HOLD
0.07835156978236105,0.14793427388323105,-0.18666565131062401,0.44535460040432673,-0.14908528134685442,-0.2508752408647975,SELL
-0.03932504686158492,0.2338276110101622,0.2453463235022847,1.392188781317556,-0.08434270459416784,0.4,BUY
0.12560127769508386,0.2373372918238497,0.022062178737873084,0.8251884815757335,-0.20491267584913442,0.061366859293956195,BUY
0.04220053425988779,0.14254389926363015,-0.04001644161413914,0.462368885459164,-0.08961516153990516,-0.06658268508806467,SELL
0.000996368312961543,0.15177861261489656,-0.07630531551874149,1.284100173343653,-0.1382792630420361,0.0488401204453256,HOLD
0.06910436832936998,0.21787915867526284,0.2410056902252316,0.1497418852406315,0.007584236156203343,0.1534399295875502,BUY
-0.023769932942411004,0.1220691031485737,-0.08648714651524235,0.8833131284621447,-0.1712165839316765,-0.05241006585335328,SELL
0.029458735612365367,0.15126262083894895,0.12656877808198447,1.1102701490419533,-0.0779957935442667,0.32362018681093424,BUY
0.10784699096877712,0.1862714937157904,-0.0723088568873298,0.4919687620186005,-0.26006854940895074,-0.16024479594209162,SELL
0.16024101035329766,0.24971570793755807,-0.1682797225893864,1.308888684588505,-0.3263586479146855,-0.1442418598391983,SELL
0.1723700190533171,0.13767809686743213,0.10747447653307357,0.43639838870117875,0.050292552991695806,0.27556425103253834,BUY
0.026271523814084707,0.051033087657852944,-0.19926611856656082,1.2758239958244348,-0.006146387816352641,0.14632299997586284,BUY
0.03209629015919918,0.04583817727372522,0.10408683020225629,0.20996294936544013,0.01876813597786503,0.2285496187387373,BUY
0.12995464376734275,0.09184108533057064,-0.0873305304545796,0.3238986286158038,-0.13122830167549981,-0.12557466524006933,SELL
-0.039942257889529556,0.08807825972600437,0.13574690443217557,0.6333784174626713,-0.013470640337237738,0.22770474509709732,BUY
0.143083826820774,0.16917724689660635,0.14638757530779223,1.295677717917451,0.0007273921094712865,0.4,BUY
0.0229495762810982,0.09677838924816763,0.12584825746789208,0.30241951117749544,-0.03344718155284605,0.1657388487341904,BUY
-0.10945014648265605,0.1308071528125157,-0.18898245133957534,1.325613535711938,-0.14219557887125508,-0.1071016545054363,SELL
-0.1247792985244697,0.1258139880512565,0.11668147883969582,0.42162413725791115,-0.029453603818938037,0.1267273417816527,BUY
0.1446976238638121,0.14916444974064044,0.24556552632509343,0.7335117580323401,-0.019713092818489777,0.4,BUY
-0.13055122908259273,0.2725753032066186,-0.0908185841634697,0.5938281659644729,-0.2261822528889526,-0.3,SELL
-0.051785997353220425,0.22633633126013616,-0.07659264249859767,0.26537671726033296,-0.15177281217124533,-0.25254381331239784,SELL
-0.03305448582445897,0.18112905906932025,0.1660869473112428,1.4220336353267962,-0.09108706333646711,0.4,BUY
-0.08945194418294217,0.14772816035934133,-0.12782143772476376,0.7134496070530988,-0.11717900402433451,-0.1577849377682318,SELL
-0.040137320569303775,0.14967371403638852,0.0972626539770482,1.0664637658986722,-0.07447811481347293,0.2330699453658685,BUY
0.10994239835377997,0.20294225289663645,0.1397618698752603,0.9053747473296435,-0.05949223855546624,0.27207712351479957,BUY
-0.14486100475397523,0.22089183513466032,-0.18327770218128928,0.8024022835930903,-0.13664805364488394,-0.3,SELL
0.13951069858224022,0.11646677457295795,0.049192942419351765,0.9632086729795885,-0.058612490037381684,0.37483016243773026,BUY
0.14979180825109537,0.1825536528929962,0.05914476634114729,1.3576792286834005,-0.03988406818973917,0.4,BUY
-0.019708449382958126,0.037786630193588105,-0.06345069617369262,1.0790373259717534,-0.13765389937982134,0.14492508402187035,BUY
-0.09623548532877782,0.19481996489194178,0.19435510122888272,0.8454721112373095,-0.06266808912564172,0.21264524546665514,BUY
0.0602941427807783,0.23335044693710802,-0.12676262631506463,1.003260344932367,-0.18933088763448702,-0.06896883976731512,SELL
-0.10811460544728699,0.16039519611833872,-0.03611238072236278,0.9489519927126301,-0.014515535999625379,0.00017725455468405732,HOLD
-0.022278223622611615,0.30715688972980737,0.1819009092162982,0.7063696904808383,-0.20953137431435967,0.019322171598745178,HOLD
0.1854502133153403,0.11831330867947645,-0.11421075952730338,0.9746696141826304,-0.12148278211324606,0.09445944912457568,BUY
0.19841256540427296,0.19522082907122829,0.16961836134745373,0.720997720229829,0.023549289642057686,0.4,BUY
0.12023671197410493,0.1774922677333831,-0.16441887018441995,1.1606601290206773,-0.21151392897714144,0.03222346996586334,HOLD
-0.041163471527731824,0.1729791632789614,0.020153080235495502,1.4564774769311997,-0.10636820639446215,0.2313243147773989,BUY
0.09068276720813237,0.17199744823966767,-0.16610120189943348,1.443811500496121,-0.153052000450797,0.05388173883132334,BUY
0.09689222791940444,0.187497352100663,0.1050566132776814,1.2490301009949727,-0.06125033826318624,0.32907839095443514,BUY
-0.0142554066927226,0.239357112042459,0.1557706700750201,0.9424624558832791,-0.003017475422746607,0.2704567912596363,BUY
0.07431102210515578,0.2764415365392321,0.1824363467110613,1.1490647832990368,-0.07046669273545313,0.3567034712666094,BUY
-0.1462453242585133,0.17984248288470897,0.24156801283479495,0.3492676133605761,0.055110360178803566,0.21428258626236077,BUY
-0.0768298194892155,0.2370721250520143,0.10240707503481405,0.7706258402394915,-0.11928086288277852,0.08600144433684923,BUY
0.03378090603854139,0.13087631376132522,0.14607786122800914,0.46022667098791004,-0.0571209143281063,0.19444581269005648,BUY
-0.09268704350959645,0.2336168816908363,0.0275912252445982,0.10489297355308594,-0.14041979856764428,-0.23145743214001785,SELL
-0.09193259624321323,0.12666059333211066,0.21073160553150677,1.4534326045409065,-0.04965886845504376,0.4,BUY
0.14270650169258328,0.2563461955261692,0.08969127198975818,1.309387986592578,-0.0937556237092935,0.3502263311062716,BUY
0.1961965509392619,0.3347448614175268,0.19759813281310457,0.8191780658578974,-0.14110156936303653,0.2470254735355753,BUY
0.044589299809956934,0.17145412784200256,-0.09404659234375362,0.45581320336660947,-0.1740805586415768,-0.15977819603192966,SELL
0.14367440580859966,0.026521955643481365,0.023532001323128937,1.0701652942789313,0.01843254762421284,0.4,BUY
0.19661258251419536,0.1416348946728624,0.12841851447871178,0.7087215183698984,-0.09079931991094714,0.3280427554710293,BUY
-0.10044143900092886,0.2662312594002512,-0.10877521044679254,1.2246893467917792,-0.16472372912607802,-0.09489899243763404,SELL
0.006885964639022885,0.21871537509176714,-0.10489709303210978,1.4993253542533291,-0.19710493169247223,0.007415935360410367,HOLD
-0.01259954945532804,0.19742395190725207,0.24011923318253686,0.5887156504858181,0.03554814433337273,0.28508546938584933,BUY
-0.12198275072383524,0.25060678491683874,-0.004425337668257284,0.44216426086926686,-0.17177108492888452,-0.2403235379799341,SELL
0.11436556047816057,0.21391174074738953,-0.11818304618430277,0.4743354843126615,-0.1440247795942586,-0.21733935786570918,SELL
0.0018226595629075304,0.2652407631215795,-0.0508412531083223,0.23068474395294075,-0.17050284042763134,-0.3,SELL
0.014264426966640431,0.24435965736528897,-0.021180733280333486,0.6516646751002174,-0.11789299404558243,-0.0870319529936996,SELL
-0.09726445916536594,0.2865190316915871,0.08038836586159953,0.12439507380367304,-0.13425872806293107,-0.18162819010893266,SELL
-0.08667567171919616,0.2051157258734378,0.2153565965714886,0.2601537803617858,-0.12009666751262942,0.06460374357648327,BUY
0.1674862677546752,0.24336815810457682,0.24396553416494093,0.4803740461817384,0.0020049957653369005,0.37455347418617907,BUY
-0.13437281885900237,0.15850110488399502,0.09326444151000063,0.323807886273273,-0.062179032449292126,-0.020404154188969306,HOLD
-0.06850170026970281,0.1378977431908696,0.11496506235897613,1.1250227393010153,0.0027231828968093605,0.3093372552180013,BUY
-0.047779234389915076,0.29947373482932815,-0.05517687363653495,0.24784670721506044,-0.16724266650876804,-0.3,SELL
0.02156913984055525,0.19513432734258815,0.18572136795193706,1.3123917470343345,-0.08145687327534515,0.4,BUY
0.05525581055517856,0.23634163961036653,-0.1019907491508583,0.40956030519533404,-0.2283410536853281,-0.2338091198270025,SELL
0.0226514915477333,0.18866180100879731,-0.1521287078100646,0.2520268637601948,-0.14128080865685402,-0.3,SELL
-0.12055963290509128,0.1389439044356025,0.23796519554394285,0.11414930220376195,-0.003342715914310049,0.08521544474957982,BUY
-0.06471639108050026,0.1807688024807681,0.18886240456923953,1.101287006051005,0.013905144312559813,0.3289946150990971,BUY
0.14525593466688938,0.28051958124374,-0.06335968945783998,0.4592634443139588,-0.20256567167253114,-0.18658991238985087,SELL
0.07315604516746066,0.21886680519955967,0.10382682237147212,0.8132980471928847,-0.03861886529873255,0.14793530626065513,BUY
0.07720216754699602,0.060196878818867844,0.010158260835939792,0.25626246534101804,-0.010889598746489697,0.13564078467739657,BUY
0.08457113937297422,0.16493288803966916,-0.05459230723453812,1.479414292530749,-0.10639790603190932,0.2618189361958655,BUY
0.11701605666383516,0.30476056548932984,-0.07095160515786733,0.2755386346979374,-0.22993754129375857,-0.3,SELL
-0.12966203139749344,0.16503421967050308,-0.1387876496505921,0.6766962972986295,-0.14291421095946286,-0.2781074182660155,SELL
-0.02168706527358566,0.053966491578607334,0.04719313702412764,1.2923093032682522,0.04613999561012212,0.4,BUY
0.03883460234158753,0.31251342197957804,0.0009685105528784987,0.4428417278725695,-0.1898314218997614,-0.22102007077289576,SELL
-0.03154023084593589,0.22776747568689548,0.030483889134974934,0.4737604994846427,-0.09790820757395456,-0.10193020894472407,SELL
0.14556760565051527,0.17509909988310396,-0.103089274634268,1.231899322247026,-0.14397716597108426,0.0981569894104693,BUY
0.018900378005552887,0.15400075847425518,0.22237480184796143,0.48267552006881775,0.002779667791902563,0.30460449459530764,BUY
0.11901965631078268,0.25576463508542147,0.08736603834874368,0.10401983553273818,-0.03234182786484048,0.005298291638448013,HOLD
0.14820543090840918,0.14206116198416652,0.20482029582250155,0.6990792086859297,0.05677792269047828,0.4,BUY
0.026677019016224324,0.26037794971611916,-0.15082797528526007,0.11754929354986499,-0.2125877691839896,-0.3,SELL
0.16834328535497248,0.21795367000069793,0.08028293463527869,1.3737091973611135,-0.08793632374950558,0.39115036538538306,BUY
0.0554933791879432,0.1971277347841145,0.18225781838987254,0.9985385138509092,-0.08046703869206812,0.38424691577525,BUY
0.14759600459180258,0.19018603637349166,-0.05108564908349,0.916219972709739,-0.14319445877073866,0.05824476876436177,BUY
-0.0307932215429665,0.16775223743000753,-0.11218557388880614,0.3822253152073083,-0.13005568263609624,-0.29228663872606786,SELL
0.02458593548601981,0.2531948084146486,-0.08074041238747116,1.0799246596000909,-0.1416823705253212,-0.051690499839020965,SELL
0.03599386435160218,0.1194260017528716,-0.07717982296259046,1.048156501149684,-0.0650664853912132,0.09116562187456548,BUY
-0.1132570994363753,0.06646524112188533,0.0012395342155908096,0.18464900349551092,-0.0948462837821204,-0.1306270644970067,SELL
-0.010506622654460784,0.22301080860247322,-0.05331637874930081,1.3331851431348016,-0.10628390012727265,0.06934007602573149,BUY
0.17106818539308663,0.22418668296470035,-0.07792666728140392,0.9111787081017276,-0.1701213606602594,0.004239208899404186,HOLD
0.07079128412765984,0.21361688067582366,0.09183053428231208,1.2094536334540542,-0.14078748247644624,0.29282077229551196,BUY
-0.08787269614706138,0.20854098587326272,-0.176135432747652,0.4680797009803819,-0.12875952775142235,-0.3,SELL
-0.03140052753663826,0.15756217351637164,-0.04683629983712154,0.2708669196548358,-0.04010787420777395,-0.191647870574833,SELL
-0.08293894661805506,0.23512378930698677,0.11038838467321366,1.0834294024614983,-0.08373157059787359,0.13913465882392428,BUY
-0.1413119038704996,0.17681093112718213,-0.12086761282354734,1.211435760757227,-0.11899392371046646,-0.09108664400221243,SELL
0.17461116047640932,0.14590205074293752,-0.10058246200418944,0.6404469470670079,-0.08940175481021669,0.03775156432456004,HOLD
0.0068725648899050085,0.158167608142122,-0.10970001856418715,0.13316918544283574,-0.06899196467033551,-0.2547442198482877,SELL
-0.04236272465272485,0.3214447789143082,-0.1995832519708678,1.2455556345154104,-0.23629674186534577,-0.28827831755928124,SELL
0.05946701704520779,0.05855167425681969,0.013195488324207721,0.3885314688626169,-0.09623722309633716,0.09461627615249732,BUY
-0.14743994029744453,0.2149851673007059,-0.18246854476274457,0.5746447186564835,-0.101488130836965,-0.3,SELL
-0.052692262689715164,0.06246227006633978,-0.07717708470129496,0.9795234108879822,-0.015065351446319701,0.11156387345207106,BUY
0.09606171299461239,0.17242366631739187,0.24766154106638721,0.2399366068958238,-0.029865793627518455,0.24945345247889017,BUY
0.07181942057424204,0.14964607603920685,0.2132782951256349,0.2007940725938484,-0.05595758119114062,0.2196765638635876,BUY
0.1936320816398874,0.03404801923240852,-0.10321588632964962,0.13598528020538397,-0.03647449455110077,-0.019357939465086127,HOLD
0.06712519838031542,0.2072326313303634,-0.06049890563873028,1.3832958043352377,-0.16245214297208913,0.12842259969838513,BUY
0.017127055769706467,0.15339733564654628,0.00866706202084816,0.5359358419761179,-0.07207180887964054,0.007331680964564638,HOLD
0.11650139711440269,0.03305555602071289,0.1799860959966596,1.0249223411639845,0.0893314468501493,0.4,BUY
0.16616475518741855,0.23876976635419764,0.161190673626891,1.4849293486248392,-0.10710768476160196,0.4,BUY
0.10224358135142306,0.28045043245922546,-0.14319135354517304,1.037231110986721,-0.2813522005278214,-0.13327956192193974,SELL
0.18712392824228283,0.28430870396076,-0.14399801824324154,0.835132714198652,-0.2088935062801537,-0.10178738263126566,SELL
0.12370180975836201,0.20512695084560298,-0.012470485747679894,0.8292879069241339,-0.1547337575702824,0.0803438586394171,BUY
0.15338050339167422,0.1832240697003981,0.19154292532619743,0.6276840078377723,-0.026012482403139976,0.3354052043693301,BUY
-0.11006357508572698,0.2729709634627058,0.196938249592976,0.9396915183371194,-0.15217360008854627,0.18894142611342662,BUY
0.10634472604782572,0.2977668509738069,-0.15168536764106144,1.442307945363986,-0.2519433938644406,-0.03573845857429768,HOLD
0.004031044834579001,0.25934980920129375,0.05843377958449819,1.203261647177634,-0.09648877913497711,0.25589445293114105,BUY
0.04358633084394631,0.11409236784391391,-0.12994616129369918,0.6939172638465324,-0.09013725984148817,-0.048647853433146135,HOLD
0.07893584331882486,0.19409413972504452,0.10875818950125227,0.5654227606455465,-0.11237110657818924,0.15696793768775383,BUY
0.1894352908469493,0.2107661301004,0.2123949615680079,1.33694414147237,-0.09991491189893942,0.4,BUY
0.1946023285010686,0.053326812175793936,0.004646181614017114,0.2901001558772313,-0.02934943017227991,0.14905773921781243,BUY
-0.049120114079233154,0.2128552461734542,-0.16261275138857684,1.2894193597500225,-0.16470660840853282,-0.09818280981948208,SELL
0.10681372410327064,0.33910942781855724,0.06066438815254549,0.4571074658792653,-0.15894114442048857,-0.06791305911653656,SELL
0.11249423827734403,0.2247955316060554,-0.01616749843886539,1.1018809300862848,-0.16695231055724488,0.13098251585660226,BUY
-0.028727498540432925,0.283138915700923,0.16490443855028208,1.228708813084762,-0.08903035187611077,0.3128667995520463,BUY
-0.10664557879752265,0.19280403110900934,-0.04684499123312552,0.7677951241688615,-0.059302641594856056,-0.06449182844312835,SELL
-0.13566856389999807,0.1748747173211325,0.19370374021266518,0.369197566599184,-0.01718609994216204,0.09942312080421066,BUY
0.12207009463521248,0.20668899730566828,-0.07683481656434682,1.2826748408473256,-0.2364047218000707,0.07248355051556948,BUY
0.02139490963591706,0.1228921346410897,-0.12911706385009133,0.6145116830746407,-0.11522208941965824,-0.15336288662596348,SELL
0.19493905932322417,0.11253573689359278,-0.062083830206639046,0.548952364675527,0.009842874341819172,0.17187781171183036,BUY
0.012740709667778571,0.2686413190018556,-0.1842878936797641,0.8140226552948153,-0.2992694895287988,-0.3,SELL
0.19227094267584408,0.27606396400065625,-0.07343931490659142,0.7091207375454847,-0.19352787127157922,-0.0486202840509353,HOLD
-0.0059483992320790435,0.11062255790888546,0.09705293524691383,1.056273103854214,-0.03886913229817247,0.3301403271603947,BUY
0.1277887526959904,0.2477599163187705,-0.13597265964953348,0.29207693172173155,-0.19825086568732248,-0.28709227141882193,SELL
-0.12031325469085877,0.17391280170757853,-0.14988576224603542,0.709965515667022,-0.1545893782652727,-0.2590095795665204,SELL
0.04441159854821736,0.20378660021433015,-0.14042661893554234,1.3483825357152857,-0.1214440083996688,0.015264526090766624,HOLD
0.13072092544500344,0.21221530476045444,-0.16510174658234014,0.15048779321561562,-0.18913071716916816,-0.3,SELL
0.173645583526961,0.2496045327687023,0.19358593532932283,0.7402736664146569,-0.008465367668889875,0.4,BUY
0.13790408171610105,0.1857902741304232,0.22485180197343768,1.0247447529392941,-0.027416226628202967,0.4,BUY
-0.137060245479589,0.27871133967113554,-0.17904748172204618,1.3427955218587795,-0.25635263519023144,-0.21164182574296958,SELL
-0.019554180542643046,0.20165889878319473,0.14203230169459313,0.931300717706446,-0.09764156774400987,0.2694957742506564,BUY
-0.13295553469015206,0.22369289907286727,0.131718286022739,1.25427797973506,-0.1723827764906324,0.1771009009271271,BUY
-0.11175119810990469,0.12167161859239273,0.24860924107451815,0.411767426543001,0.04022979587066362,0.2902933744256322,BUY
0.08635697003361942,0.33110613074933837,-0.04345820222551933,0.5939332107190033,-0.1133469449162186,-0.14236375122759015,SELL
0.09964036870909435,0.21288774462434765,-0.07152095373931272,1.4189851834992597,-0.1334292544060406,0.12791339479505415,BUY
0.12080223896306921,0.22990981977415695,0.0038869543644222404,1.3403651583297609,-0.10205374241064127,0.23873610981230256,BUY
0.15290979181948197,0.06742699321519208,0.18545882971713573,0.8811341757641863,0.013075769707016297,0.4,BUY
0.10880101396677846,0.12241085838446292,0.12786713914205444,0.7656836729127833,-0.034516328937539496,0.3182685483977015,BUY
0.1303050572373212,0.26665185815431114,0.012230716285376225,0.7314943480362418,-0.10586675396177309,0.03630803893022542,HOLD
-0.13286270156185226,0.20008237828048234,-0.08994672052135708,0.18230552619382245,-0.05559343316234122,-0.3,SELL
-0.0679126973455455,0.046035418561975155,0.127157083570767,1.3493279455391936,0.0976389790809627,0.4,BUY
0.06766422068133601,0.25268029502886735,0.18453709061898826,1.2454093117814697,-0.03753110928332399,0.3597345759081393,BUY
0.15034385661868807,0.14193520369530935,-0.020021946019629117,0.7387516026190138,-0.0914123716555118,0.14360040972017646,BUY
-0.1484249562711193,0.2787921890113698,0.10086345061944291,0.4912159618072628,-0.11644398744567855,-0.10950996172666136,SELL
0.030120269740722433,0.173851502497741,-0.019904590470530836,0.5800888489971427,-0.14994810365826966,-0.06506159310346137,SELL
0.08705058977753902,0.19432946802143708,0.015322047163668168,0.2724248202220453,-0.18287723801252784,-0.10289420810856276,SELL
-0.13963744880498538,0.2625268205014154,0.03620967097971112,1.1105056378280116,-0.19937214179696183,0.0031345872564549904,HOLD
-0.009525554856314233,0.11717549204017362,0.14907661631002506,0.8793377991768007,-0.008184646973997269,0.36088093711276104,BUY
0.16347220848429386,0.1105007234516242,0.23987769285801896,0.42774479195485293,0.01505103000089921,0.4,BUY
0.08506448309955053,0.16624511057213248,-3.5226812795441376e-05,0.9722078009087655,-0.17323324230438192,0.15582828784080727,BUY
-0.06681957282379095,0.23790209597348555,-0.045958247188577356,1.4709222999569647,-0.16299072541200907,0.11228300003474632,BUY
0.1484733953711694,0.08683859231705564,-0.03188404708742393,0.2713531896666509,-0.0807782904485002,0.046860396798412,HOLD
-0.028189001806669986,0.06323757800776322,-0.13974991878116827,0.7418790148754588,-0.15248495708132925,-0.10526791364005803,SELL
0.1486706349004208,0.23766046489306547,-0.06637756798202477,0.7918223492909773,-0.18765625665965271,-0.022027249618776532,HOLD
-0.04536972210838307,0.13779151812030974,-0.16109866402903722,0.3335160993533234,-0.16316202651961792,-0.2973236082757772,SELL
0.05661208780910215,0.15254417909558018,-0.007447581569338779,0.8442122953962407,-0.12533739708130695,0.06912085859461273,BUY
-0.011070976288258066,0.05002327186418837,-0.12468922881002802,0.948368161967326,-0.03355614640372725,0.02436093073036729,HOLD
-0.053811232235726536,0.13247144799536126,-0.0441169643115161,0.3202823543458934,-0.1922747326264888,-0.25194018356225734,SELL
0.1602951467601542,0.17947028923581945,0.15710998722622282,0.31661345861242696,-0.1441281281865511,0.1661484795327214,BUY
-0.08434221132117803,0.24512645003360245,-0.0893325572348888,1.2988882018872585,-0.18264460369166238,-0.046620205335101465,HOLD
-0.12031594306748292,0.12601388836357527,0.07535257960393105,0.5359424113380628,-0.04066094170695745,0.022421224211734946,HOLD
-0.030325571509018878,0.2960163284162748,0.2055316386618758,0.9824667419100832,-0.07518638478406589,0.2801573609133527,BUY
0.10117370167454862,0.13208107830741395,0.055118134163296084,0.9774823059452997,-0.08415006873308463,0.2769173212506933,BUY
0.1326010620916986,0.13218357388903776,-0.11279332425241431,1.274839225815689,-0.17032366428900497,0.17623530308855662,BUY
0.19956017952336766,0.28761502863284616,-0.04485521271532056,1.1358524837241328,-0.19087690890058326,0.09225119631581488,BUY
-0.04627328004609228,0.1948022106654742,0.06566614323282971,1.276807006813589,-0.11269377587355243,0.18989884227028678,BUY
-0.007220317104051244,0.14135826896918963,0.027975012891934076,0.9753007055109318,0.00392861400804459,0.22445416508854474,BUY
-0.10211255268963079,0.16914068081735845,-0.1331210736753933,0.7292400247195915,-0.17094420045683198,-0.20292213664451267,SELL
0.05120517536806174,0.27471515042794414,0.0010583551107560263,0.6509931298383045,-0.16706500579831796,-0.09244226051288888,SELL
0.19915301304202102,0.28263419737379775,0.04438001270961178,0.6306416733260101,-0.028057606360536808,0.07854137407594688,BUY
0.09530835354223047,0.12282447745108208,-0.0797002784940924,0.6857503370728208,-0.11531280920482054,0.01436267442019589,HOLD
0.058324494144680106,0.17702963329446242,0.07560048190293334,0.2810329530152784,-0.04816974395554958,0.014291243002081299,HOLD
-0.012670817477372115,0.1863109779367301,-0.16842795523165557,0.6935417194044338,-0.1468422971853826,-0.19049682199332132,SELL
0.17035456609994418,0.11096319226383816,-0.04852683489551746,0.6452228700836695,-0.049418567130599146,0.11185226102127853,BUY
0.023920808645622293,0.17610204631450038,0.1619245747499085,0.14840032864552405,-0.0264170346181742,0.15082995231503232,BUY
-0.10297158034042847,0.18037260023161902,-0.08332183959133006,0.48518305745687595,-0.13186025625497796,-0.29016720681513963,SELL
-0.022117537880303295,0.2598146635255715,0.07232958250138516,1.1526697646363036,-0.12194025062293298,0.15454791765680206,BUY
-0.1264916659032816,0.26451975198178407,-0.015486628830359644,0.9091237999734754,-0.19370619783290297,-0.0873289354451971,SELL
-0.07930733680892646,0.15695534211486942,-0.057592935913138965,1.2286344954584423,-0.10093443949221381,0.0491538005417887,HOLD
-0.14381592665003073,0.16502327992974317,0.21225925955951208,0.8597632621330707,0.08732202773718854,0.33321689597730597,BUY
0.00864797077505719,0.2265004611438945,-0.04553222686382741,1.2957172716653744,-0.09357907198368978,0.09918431539017195,BUY
0.072089092733129,0.1390368085751092,-0.09349584433084175,1.2144939394424035,-0.10562452176617038,0.11085188726784732,BUY
-0.029847638167382284,0.22120481062161818,0.2091855920381217,0.23759839819914597,-0.0062571596524226905,0.13163989791498298,BUY
-0.002866379973153005,0.17384654588415496,0.1356749601711167,1.4678089152223894,-0.0934967388985789,0.37674454460157847,BUY
0.18572324549560157,0.11214209955829654,0.10680987116418883,0.1206464256618603,-0.03758691897928833,0.16396351781675744,BUY
0.11318709255122042,0.11302143009842473,-0.17770927606990589,0.9355732531014659,-0.09150407627781443,0.01464374509017514,HOLD
0.03929982293073292,0.28129410872217714,-0.14095776767790089,1.2095161130434673,-0.15080121263155705,-0.08960329817712066,SELL
-0.05041069371086117,0.16905049645996909,0.08725298371434825,0.5646517957912648,-0.10507241299501105,0.02606997330302656,HOLD
0.1639488795705483,0.2948247865728818,-0.10575522356318291,0.937997709216021,-0.2433763768401601,-0.07378008348902465,SELL
-0.06771600909176918,0.14404546174995628,-0.09846290646633842,0.6069715431864275,-0.016743649942582303,-0.07839411578149001,SELL
-0.03613004431916303,0.20038436407920454,0.1506123319046248,0.18486096501050267,-0.05517262319722418,-0.004614356803885219,HOLD
0.16817268504803198,0.3474873706112769,-0.07133377302337582,0.11184612672506328,-0.1458578329410975,-0.3,SELL
0.03533971934977531,0.10598292787357044,-0.1677857140316378,0.23280684215566363,-0.12036117647300776,-0.283821635596576,SELL
0.1098112822962918,0.04715298500701562,-0.18360562371056252,0.2377734317680655,-0.08942502637216261,-0.14918465577155762,SELL
0.05676067795731815,0.27006130919010635,-0.0005699057396205132,0.9552456883512499,-0.17753929219290687,0.023394719912559085,HOLD
0.0787037231533233,0.12212336262248483,0.07770785995809071,0.8362113233475185,0.004936883485256831,0.31980729586397033,BUY
-0.045215847969811054,0.17855055451256363,0.1909983550263113,0.7376486202423989,0.03715788681818634,0.2893170965799304,BUY
-0.06551977843066797,0.13898572526838904,-0.15013802223531234,1.0686900658433847,-0.19519675556220173,-0.1353994591085755,SELL
-0.03712767849096717,0.19877139466687213,-0.11149722817026668,0.12355659181742776,-0.1814842556792518,-0.3,SELL
-0.09559545257080213,0.11346246549699804,0.03841027490836199,0.4793768739820232,-0.006959443116143008,0.021694971182955235,HOLD
0.15601002785178256,0.16740419384816857,-0.036151236991111224,1.188349823802679,-0.12138044299456202,0.21771234456234326,BUY
-0.05086357336246007,0.2114870728589574,0.017141853060472584,1.3739679491239658,-0.14470477591784592,0.11420267297273068,BUY
0.04652128804503461,0.10941837796080164,0.21585609204289696,0.7136712347326142,0.07116851773414791,0.4,BUY
0.12719104879948093,0.13099411792478777,0.045201244239109234,0.2140775721938529,-0.005343312823603404,0.11759433290138899,BUY
0.12433843828149974,0.15568320164810276,-0.01319572522456583,1.2182202349198832,-0.12117031561229491,0.2176143070506604,BUY
0.0034351905044675,0.07998291960416051,0.24524795801488514,1.3392386065818271,0.06072775784285504,0.4,BUY
0.016690058005353975,0.15042073120408775,-0.17065294854520868,0.6791243789712071,-0.21893735793574776,-0.29076804457646577,SELL
0.1981456121272587,0.18831575779320311,0.2194510517670274,0.44069735548838784,-0.06998307949304586,0.3120119402729234,BUY
0.08610911694265841,0.15203157408881,0.025747828929467365,0.1615603355121234,-0.07471155127483005,-0.03309070875021411,HOLD
0.13512345509125892,0.16100364549477927,0.026690351995212164,0.9275159506527982,-0.08435570711979053,0.2726527197894029,BUY
0.16589388922673118,0.17860688303653902,0.21488395039144415,1.373817286787499,-0.06955435425187746,0.4,BUY
0.12565644268026868,0.134097957629738,0.028295790816881272,1.0490432357284558,-0.10493915448736907,0.2844436408228932,BUY
-0.08518722926625134,0.2283743796106814,-0.0027168092614330286,0.544148037052628,-0.19136356996876003,-0.13780143279314339,SELL
0.046759756808150255,0.2805184687361243,-0.07738013354726046,1.0000436540059536,-0.17651014181491823,-0.09910174528372315,SELL
-0.11433704493990929,0.1474933725463186,0.09646754506783939,1.2648957704272357,-0.1482909653352504,0.2232816590777716,BUY
0.07852274429739942,0.21396387620343948,0.05634029094089271,0.7661620830892409,-0.1564210708237164,0.09943784747403046,BUY
0.1843722998657338,0.16322679911957472,-0.10354455337349762,1.247647885996974,-0.23250097821275995,0.06938780425251972,BUY
0.02945622250503896,0.20558411415269534,0.11923581177759612,0.6486735473328957,-0.05470511358767972,0.1498858273641706,BUY
0.0015403725037184957,0.2896045671842278,0.08983908580148825,0.5879079500340789,-0.22796378349267643,-0.0222786727910873,HOLD
-0.1374550370036429,0.21560616801126692,-0.02119975210705663,0.9161840762299756,-0.1362571417228058,-0.057991362806144864,SELL
0.1859210828152271,0.05586098228332233,-0.19801958514340226,0.7505609847722737,-0.03074822263998314,0.034332007117588936,HOLD
-0.11394906055444443,0.21177969420128712,0.0009615175792844766,1.4679566886455164,-0.04301151042551338,0.18563405163743774,BUY
-0.13562231734330357,0.26630046203163066,-0.19727384729138672,0.8229451929394446,-0.3289851945944742,-0.3,SELL
-0.06387668597327154,0.1644882681001328,-0.16625067981543207,0.6392408404824301,-0.15027275270470475,-0.22960926161290754,SELL
-0.12706434812856615,0.24969443642824826,-0.0062255438836246735,0.6529069603799507,-0.20175544422942154,-0.2051628691021866,SELL
0.009291244844116808,0.13169191211936376,-0.16313605211660254,0.8671159308583632,-0.20392636990377216,-0.09132882272493101,SELL
0.030630730439989345,0.07601225883344082,-0.0759505547957752,0.5968768532114735,-0.08166107493787828,0.044150929972953445,HOLD
-0.04060051783999563,0.18988183131828482,0.09497111585153578,1.1120692427509105,-0.01452609460370028,0.28437501769723705,BUY
-0.13216383109878987,0.05704662954775799,-0.06112309582576145,0.6329280987822972,-0.028694272347941467,-0.04804081980305236,HOLD
-0.11093987111277065,0.16321602909744856,0.24894186735467966,0.6378021411353403,-0.0341099169407413,0.2452724615471079,BUY
-0.015423467703525179,0.2700789583851852,0.2123359152617415,0.9637625491275265,-0.04186130905591437,0.2878858472962295,BUY
-0.12881504221071235,0.04631659659776033,0.06338945706348564,0.18518562177441394,-0.11461959172734591,-0.038206110530469364,HOLD
0.09436640396346968,0.09043522428602714,0.23512621238571868,1.0174968853612045,0.0021420604610091626,0.4,BUY
-0.07754281046631581,0.10775774283868955,0.19060778249463495,0.8069611040221619,-0.029606109940422287,0.33812352868561585,BUY
-0.04427495092572653,0.17556760982023278,-0.05649566652178084,0.7342365600012982,-0.12402279791390544,-0.037930421278868275,HOLD
-0.012055977987665889,0.15439982500476535,0.13731831069338923,1.106954186991132,-0.04785396890850349,0.3594820218736694,BUY
-0.0041866284257982556,0.2779395467187261,-0.1384256971982237,1.1615580948068054,-0.2292075615915194,-0.17739238750617345,SELL
-0.14941875231381982,0.24680438303641883,0.10804814097043347,1.284765208777443,-0.11359934993898484,0.14736079708881894,BUY
-0.11077537015045585,0.21466910622480184,0.020986821922561183,0.6247243691444261,-0.11928637291640229,-0.07624662615269252,SELL
0.15196759730930728,0.19019412200407193,-0.1924283273362289,0.5578527691547335,-0.16408125578902352,-0.21117264062938493,SELL
-0.14956842812083215,0.2075260843889379,-0.07659657992433318,1.1000789420923274,-0.14768773129797688,-0.07820676808646243,SELL
0.02785857453450627,0.11966123512806373,0.22992199783191186,0.9145268027966241,0.005954467225698586,0.4,BUY
0.02132570227752284,0.24000472474896284,-0.057875831710183706,0.9845221648925432,-0.14706575354321208,0.005921132078119763,HOLD
-0.03341704364627676,0.10215690219485592,-0.1183454951143517,0.8777320699481693,-0.06732616218001604,-0.04809750505431573,HOLD
0.0009644570512573614,0.23847638957315614,-0.11561084904250626,1.1817702324853963,-0.21713146789702767,-0.07632155204619362,SELL
0.1232033981343045,0.26302997514831816,0.015645969088877054,0.3660572438890144,-0.15452973398707387,-0.09607872227709172,SELL
0.14442129717523475,0.1947605221461661,0.17919215830174073,0.8779969858379554,0.012915878185325955,0.4,BUY
-0.058878009804662484,0.16766508587266168,0.14110079431000594,0.3213425045210817,-0.09929676766296247,0.07254871169598587,BUY
-0.03712834566129457,0.20802169358167713,-0.0034165966080015597,0.6701527150073886,-0.035944544979409715,0.019473040012328687,HOLD
-0.06513100144008355,0.02030628590704714,-0.10607290245336776,1.0295913527825047,-0.12157068126255417,0.10743426218125478,BUY
0.01795219019287278,0.20115807529398227,-0.17927079495401402,0.7903002516398385,-0.2096713937182318,-0.22025801392039535,SELL
0.08914042518058451,0.1720652201512135,0.008183643767228965,0.6314281513410537,-0.1474751744276371,0.03804280597387837,HOLD
-0.0701114935878028,0.17645603208601063,0.16664890683318623,1.3389580019818486,0.07018229332513697,0.4,BUY
-0.034242490280796664,0.22945727590284792,0.1283568971174412,1.1819560002964697,-0.11149910813708987,0.196711557598729,BUY
0.17563461615620266,0.17476617549046905,-0.016129654567737378,0.8368070990005249,-0.136353624947803,0.16926961239327554,BUY
-0.13300074855356467,0.10018552003441893,0.06761620236292015,1.430074417945683,-0.05160226807247925,0.3147548166097254,BUY
0.011269361833848163,0.17010181304222352,-0.003689065574202066,0.6941114052089913,-0.09875657366031743,0.040285334510113596,HOLD
0.09904531455887222,0.1847288838856577,0.060557249405579994,1.2033020986233485,-0.10303651951438818,0.3141550465155766,BUY
-0.09734109595488408,0.18804537381067088,0.03287735997709712,0.3351107357219851,-0.10632062052668363,-0.15937467946720113,SELL
-0.13341909299808136,0.19133435570995477,0.10643497005632152,0.5001094679548357,-0.24868712305463114,-0.10740808921388072,SELL
-0.10162811992651424,0.2527558331442987,0.02846897958990577,0.5733198138675367,-0.13740791625052556,-0.07931617971679758,SELL
0.17158811773573898,0.10397758128760966,0.22327494917540136,0.2481490537863326,0.027813761971927,0.3847654072142068,BUY
-0.1467590763626068,0.1922990319315395,-0.0073873182882412125,0.802526741106495,-0.06640590660360049,-0.06062195420749239,SELL
-0.08408730881602686,0.27029507890327686,-0.1928376636321301,0.3691641877770939,-0.17385906538084805,-0.3,SELL
-0.1390507704844244,0.058577195214396305,-0.09363190906595696,0.987860245229522,-0.08198448382461045,0.045302429460216474,HOLD
-0.11127968635322885,0.19257526765460375,0.025273086147995172,0.3661293034022256,-0.0646244720498664,-0.08494433317026252,SELL
0.0670522503199037,0.13902350486188694,0.04325733334989787,0.27290876027498545,-0.12118960859941334,-0.041783282762090215,HOLD
-0.06542638194131997,0.15405027308688266,0.04857315519042407,1.4567214186384945,-0.03463378464115473,0.3645197871753385,BUY
0.04922421765073687,0.11666347477499045,0.12154844422153699,1.0215364281355488,-0.05000249713310832,0.392506004640365,BUY
0.05656838396814415,0.1681314499009689,-0.07640833582211246,1.4110312805918839,-0.19067707767592906,0.13114245533292943,BUY
0.14730236658142262,0.3088878930098833,0.0992066555686647,0.7858429087905247,-0.1549295074886666,0.08285553782356703,BUY
-0.14834051248084412,0.09148987471759502,0.11681452290364575,0.14676344828872395,0.06185550669079024,0.08455826725563247,BUY
0.14867931076982835,0.09812729982648206,-0.014923661320628168,0.9041196386040214,-0.05579556758759816,0.2504282858122035,BUY
0.06669168024944089,0.08886458008855466,-0.019023905384155076,0.8816604415699918,0.013896097177124173,0.17380688733506136,BUY
-0.09303977986326484,0.30091928006396707,-0.11948384645459761,0.12096584831123157,-0.2657817423110095,-0.3,SELL
0.12052808584734939,0.1476362206135099,-0.013705680685081822,1.3057388621625643,-0.04167144941473916,0.4,BUY
0.149422039626705,0.17820526577566279,0.15406733126815558,0.9679589528629945,-0.07790422881998271,0.3839004328486191,BUY
-0.06100778068604494,0.15180519412256321,0.20903785249744777,1.1425676371266045,0.0037984580999013487,0.4,BUY
0.1715777883159383,0.11389039851178358,0.06712593609308443,0.7914895486205203,-0.030649723236865628,0.28425258170036144,BUY
0.009060100604530219,0.1635394547369895,-0.06528334549056555,0.9657634130715681,-0.09116242434221128,0.09357526323769526,BUY
0.06119855901666252,0.3520770524015592,0.10703037339687915,0.4604578505199338,-0.15589705108661744,-0.030884444134992844,HOLD
0.19462733676617525,0.2774449644681979,0.13306579391320172,1.463260874876106,-0.1501998880067289,0.4,BUY
-0.02346237247628022,0.12029435275454092,-0.050504249548701946,0.6610080105667311,-0.04836296386757714,0.010648474611152266,HOLD
0.1346057710370395,0.225330187214318,0.17194653767029605,0.3272572698726807,0.02016333245579735,0.25271458230481103,BUY
-0.03856030876003913,0.12179340591335364,-0.16683687553774698,0.17828158572447825,-0.1690009648759169,-0.3,SELL
0.12972473278452182,0.05565426528076452,-0.19516082707998852,0.9906407063195195,-0.20321849382270574,-0.0004208706379300502,HOLD
0.06025687160192486,0.25136576423652407,-0.14466315231557636,1.4767317916470382,-0.18371874105045555,0.021237501211309805,HOLD
-0.07427550667110949,0.2612064992650486,-0.12979624347762064,1.3541122955847944,-0.22520141665268484,-0.07417960728249684,SELL
-0.005090867173767277,0.25322365757335297,0.1955180648264746,1.082946394480979,-0.08028211141118675,0.3232963852717407,BUY
-0.03882752797275342,0.14710943255462988,-0.008758234000423637,1.4868371005900052,-0.06396006534639678,0.24381180162385238,BUY
-0.12266206242187264,0.16832569861986096,-0.07628073861332825,1.111959566858949,-0.1543273361085278,-0.041448265513974236,HOLD
-0.13955783046510586,0.23248358875606862,-0.006916197805931307,0.5749515727619543,-0.15569923094319726,-0.2336775463678556,SELL
-0.028732470607486682,0.2074047226143675,-0.02232159828471547,0.9417053862842423,-0.138377448729336,-0.06625534887514793,SELL
-0.1433380482638797,0.15244537700920688,-0.06434224940539235,0.21167329947978614,-0.04371642906843025,-0.21858581343919478,SELL
-0.09207928484637873,0.06666497259172846,-0.13794518791461563,0.41035548631155716,-0.09367357851520425,-0.20908623443207403,SELL
0.10381416229780407,0.18797126358994085,0.09516195788824627,0.684556330299889,-0.136501654039414,0.15537938907347698,BUY
0.09783193248925576,0.2555306747465279,-0.1385280187491551,0.3825458909882633,-0.26852353640463456,-0.3,SELL
0.1085031352600839,0.09616881976760898,0.14894100370270347,1.4349014207594388,0.008836605703496066,0.4,BUY
-0.038996390104507436,0.2247131567173184,-0.10924039402379589,1.493836537442509,-0.23499545167445834,0.012431041775236771,HOLD
0.1615068099911934,0.20320791865935847,0.12911708820999024,0.6193102881703315,-0.14839309025782702,0.2587169831479379,BUY
0.05784069180995666,0.23251037842626335,0.1625137475629601,1.0929205805080782,-0.042723928483873415,0.3653074933527205,BUY
-0.10589078038868072,0.2410382849803305,-0.14360329560149718,0.6708790229285367,-0.16783936908536493,-0.3,SELL
-0.09969846849056305,0.13138743306522527,-0.16096440427039818,0.29531288614068896,-0.1616250482419871,-0.3,SELL
0.09258339942539551,0.06681284198845376,0.22730774679414695,0.571697586782952,0.06551835808217199,0.4,BUY
-0.08946962224527268,0.14265363320219843,0.008371063038661308,0.42672037820192843,-0.0728376724960795,-0.037482168880786315,HOLD
0.027552445553715166,0.2422389122268905,0.08360597273784476,0.5593095085703876,-0.08177998894254211,-0.023393617664482967,HOLD
0.19712106657504871,0.14205972675318201,-0.18953280194520453,0.4010303637568031,-0.13081146163300106,-0.18549871119949476,SELL
-0.14859733834333116,0.13141696732996505,-0.07458041874964705,0.25728316668154494,-0.23897177727419916,-0.3,SELL
-0.14419706933585508,0.05250547606527528,0.02742894455172379,0.40439980110737805,-0.032556655742595364,-0.014259146233149882,HOLD
0.19757960367567726,0.30268532881856575,0.19879824102523175,1.36805984456178,-0.07619669147214009,0.4,BUY
0.05462359194695793,0.23779995489977168,-0.07785226209603067,0.21931034608714023,-0.19434370733022602,-0.22708600611903346,SELL
-0.1055815085685204,0.2338927186892335,0.14883609393642383,0.5546593012573283,-0.07899106167597923,0.08816320874386874,BUY
0.16405576991393275,0.24774077707456316,0.0979958177164158,0.8398298523036895,-0.07191114007426772,0.21325437677817888,BUY
0.15813310504469227,0.22036958530803813,-0.1481281544874148,0.5963177186496995,-0.1874267513171807,-0.18807464599736468,SELL
0.037670144588981325,0.16289698013743295,-0.06798117224360156,0.8246499330264421,-0.04953468611815705,-0.004975385656580671,HOLD
0.0676272104512648,0.16853651271144587,-0.09296118360262112,0.16078808432809555,-0.08195706845385992,-0.17739859956986034,SELL
-0.05438448297469328,0.15007049447855125,-0.000862585592021542,1.007997486710129,-0.09631553857251107,0.09302701513638603,BUY
-0.1323181062697982,0.36443185280905,0.08590040937141291,0.8888703221784843,-0.19420125647310374,-0.1572893804732665,SELL
0.05809866311180251,0.21891384219096097,-0.004961110021172027,1.053352772196568,-0.27584895458311365,0.03487965421062159,HOLD
-0.04683568237903295,0.14753396910539956,-0.08995854091168731,0.8941609421581317,-0.14082890767244094,-0.04307563848649039,HOLD
0.08226736633112317,0.21258477419163957,0.11314544570272395,0.7130650153959284,-0.1499561308694205,0.1829028036679508,BUY
0.14268581189491045,0.10923917575005776,0.06301199262017043,0.5901981592117154,-0.02927723130193534,0.23405472595634824,BUY
-0.14364380962997259,0.2853154703012459,0.03369125833706138,0.4170092661396867,-0.15006924328992288,-0.23512112870115348,SELL
0.05849982114000457,0.13372516329350018,0.04948881885069026,0.8000948175292576,-0.02564678263448511,0.2742993390262514,BUY
-0.06905181110960171,0.2150759802835726,-0.10014470916777941,0.13647343332850975,-0.09926994823984576,-0.3,SELL
0.15586097426633047,0.2546184340820194,0.10619397749160531,0.559537159339056,-0.11160694093616792,0.15089914256568,BUY
-0.06121742270336003,0.2069337980943495,-0.025624759007554287,1.0490212109903412,-0.020389366863471606,0.055298287657518014,BUY
0.0637695466323964,0.18661289942737466,-0.036439481121491174,0.25220385556090297,-0.11492095984402609,-0.11585800261291848,SELL
0.04373929403136401,0.18075614593992106,-0.13261960627995328,0.18804773924734003,-0.2270123497617656,-0.3,SELL
-0.01134172497926289,0.1760491232179025,0.06857680054770088,1.0130500474079114,-0.10630234746716713,0.1715496412125921,BUY
0.0871672672599279,0.13963110577507484,0.07119898474592795,0.6568846095992903,-0.07393640458206482,0.14988321083698344,BUY
0.10401937215040183,0.14853615991612068,-0.04686471035006226,1.2225550511691334,-0.07826122253202838,0.19683174736591164,BUY
0.04842822836178537,0.28357132615556546,0.1869325255894903,1.4122358255598535,-0.14273228046900818,0.4,BUY
0.11544778301466393,0.17240243571203903,0.18045605442194274,1.4398566352256077,-0.04615783379891613,0.4,BUY
0.19419597659752816,0.12499426114320586,-0.15092556208290592,0.6958299954518509,-0.1434187955588902,-0.006001212835202194,HOLD
-0.0032546642347182075,0.14385916821969438,0.11276727451446322,0.47005811398504516,-0.06361463150880851,0.17300867020358993,BUY
0.0301040681599358,0.2570259476488056,-0.022774359716739967,0.9520592342394691,-0.12275454339199342,0.00852563028457347,HOLD
-0.14563554272057536,0.22729246432151348,0.24987168297830176,0.9794700962995309,-0.004360735978319576,0.35210439653679393,BUY
0.1286099947086324,0.21922304247625798,-0.09873936664190643,0.9712829105062553,-0.1127012153873194,0.034267167076262456,HOLD
0.03208052346609783,0.16197351607631458,-0.07376410756347976,0.5504900592064336,-0.14324101172674064,-0.10182780804150296,SELL
-0.007213499373802196,0.22013537291210616,-0.0010521674499226474,0.18925243098422423,-0.07237571234483767,-0.13860165809151714,SELL
-0.11707481291871147,0.13495072125345464,-0.07907818309370158,0.39400677435583853,-0.18080156028840572,-0.1900998896041282,SELL
0.16137974758638904,0.16182701780579578,0.11139701487393139,0.31618719923112726,-0.12195661978339778,0.11580243465829719,BUY
-0.011747465985805255,0.24788631411742218,0.01640865048166623,0.27346048409663426,-0.20285841258234746,-0.23383423837488715,SELL
0.08890355937322711,0.2411994375243345,-0.10060452431770693,1.3967966495002022,-0.184500887610079,0.03590827109858111,HOLD
-0.09771904527114722,0.11126631078344376,0.02786833126895316,0.1193867043635551,0.004506451866402798,-0.04630040193233498,HOLD
0.18654237033936136,0.12011314829639969,0.1999544948642673,0.9426008349308503,-0.022193195064114393,0.4,BUY
-0.08754538336235917,0.18760915069693868,0.15657804108252377,1.4264633140361915,-0.07376894423337556,0.3602225128182137,BUY
-0.08016030248517837,0.3008292662268657,0.02447301599206947,0.604074378491779,-0.1815092511047585,-0.23300469377014216,SELL
0.1506440011951998,0.045910438487170385,-0.07017832858612355,0.8379373248414475,-0.02697618835736891,0.18709445670009245,BUY
0.1694039604496759,0.19948330576993528,-0.11905109088386251,1.0740971288652235,-0.19119168498323486,0.04226334409538176,HOLD
-0.0757484073668445,0.08367696678987961,0.19527229473410296,0.5440375725215344,0.001231889923888358,0.2837616583778326,BUY
0.01443031086118976,0.1355968304532118,0.11957512322441333,0.7687127827901488,-0.10079781215004627,0.2292962311881229,BUY
0.10672321659699044,0.15449001073550309,0.0574734864163563,1.2439439904658527,-0.09829066743361539,0.31774763594409955,BUY
0.15742800683378058,0.15056441595941764,0.19574559067915076,1.143497931392369,0.04683267434277637,0.4,BUY
-0.01733155673694317,0.1426342842238554,-0.14523937068165974,1.2318291760899769,-0.13913001838305328,0.011485891448863623,HOLD
0.030956820397300217,0.1805044942263459,0.10712017870093071,1.4822762290787184,-0.10244735056783102,0.4,BUY
0.10960074368190723,0.1425321103358595,-0.10247945941404563,0.6184584649106506,-0.06470385133068723,-0.013283009057746011,HOLD
0.10589759182847838,0.0776279830602093,-0.14574015154280587,1.1459277681100823,-0.1341335255562573,0.11899059936077391,BUY
0.1240360455091297,0.23459087287659436,0.009523829503119918,0.943898393942776,-0.06594721295058538,0.16213058676091513,BUY
0.04947683652453422,0.23270105170042163,-0.025673181606040846,1.0332466741096749,-0.07970955476766427,0.05499442863213104,BUY
-0.11338471611832868,0.23902220170158683,0.22352812419633344,1.1358234667661082,-0.05120149002368527,0.3353233458825771,BUY
0.16639065180731397,0.07214858526151426,-0.054209203961682634,1.1496238437248407,-0.139900309110166,0.2757467218419226,BUY
0.15295038876235986,0.20092427068089055,0.16670601657340106,1.3400432090127474,0.06060287498811387,0.4,BUY
0.12933410253641656,0.22731851990648463,0.1369721502107551,0.5890503453304775,-0.06223844904636144,0.21819131937404224,BUY
-0.11504813299374467,0.10781585520922904,0.10056574152634129,1.0148738985566748,-0.04065756775103041,0.2205731959975206,BUY
-0.07846092152149978,0.18064212737274904,0.21418021283202682,0.4924066042355981,0.025093204447914096,0.20135506419474944,BUY
0.11026012778767816,0.1718613348282744,-0.01643393252839606,0.9323961871637652,-0.0745752345572557,0.13832308620882586,BUY
-0.14190096689631873,0.30895054609977846,-0.02464796630771046,1.151645196240699,-0.12968259668862925,-0.07554239881487572,SELL
0.19272862179754788,0.3147147225908801,-0.12757365938832077,1.2074015206262965,-0.2729756867438512,-0.06715746648342479,SELL
-0.017999361875511766,0.06349505246688593,-0.07590706602721889,0.6881743041847718,-0.052536187252299485,-0.006211902671124113,HOLD
0.10175938679178823,0.35457489040095924,0.19589940522739185,0.8122083124819036,-0.19367868366186564,0.12540655691136246,BUY
0.16064988097081515,0.11593419951926731,0.013471959810115591,0.567389791638242,-0.030855016000452436,0.11164269698325979,BUY
-0.011879539147471224,0.24864713060291982,-0.04639100501418031,0.3366508851554827,-0.1688919488487834,-0.3,SELL
-0.0383036289901169,0.24793485866046117,-0.102749575213023,0.464724367269545,-0.17581028250714528,-0.29707084033942355,SELL
0.06305939511438635,0.11030168412107351,0.018232112609626733,1.3769918068597542,-0.06620565162081692,0.4,BUY
0.05334628081181775,0.2145287455687369,0.12249941670903797,0.5325573593730423,-0.09226692168704502,0.17492120476507958,BUY
-0.00680100783132101,0.17247263790137551,-0.07098858854431608,1.4646630669638543,-0.17529057685928745,0.0951616680227511,BUY
0.060621164553697954,0.21880310032426734,0.1409724343656944,0.43806931930153437,-0.035371375714070945,0.14872934656678133,BUY
0.17738347934827317,0.1961470611666438,0.0834044986262133,1.1122995224734626,-0.009841235412429053,0.33442969076142404,BUY
0.01367408981930876,0.26374376397591726,0.1544031531428669,0.9034646110005699,-0.12431841507390784,0.15201011631976513,BUY
-0.08114023673727903,0.18527796802022437,-0.08709066700628947,1.075618069334718,-0.11832602236609567,-0.07381708517763817,SELL
-0.017977905990948645,0.16824881514015821,0.08396266512987038,1.0015411252528534,-0.045755041799134644,0.2261892585921824,BUY
-0.0120625560924085,0.2567244963140026,-0.13081912423002115,1.0894480170366247,-0.20595745691296707,-0.151218191434528,SELL
-0.10411195744082305,0.22062771754010224,-0.03629135802591346,1.3677658678096425,-0.22322296040266257,0.023780361138095445,HOLD
-0.09299497480590578,0.23122693760246216,0.1259620426792606,0.888857294487474,-0.15343121304530266,0.12021398976431884,BUY
0.08959672568778704,0.13347893294189822,0.08425077351097116,0.1949882960655933,-0.085436147918329,0.05374780443097776,BUY
-0.031182786026884055,0.10683160530210681,-0.11546267359811513,0.4791556082256594,-0.21723426879910673,-0.20651455698753077,SELL
0.18421443714953264,0.14025944997231088,0.1862542024416381,1.0915065725722695,0.060747547488549464,0.4,BUY
-0.0647411391244874,0.1365425030023588,-0.17599205794466816,0.7917044791659427,-0.13393716352029683,-0.2290613041482623,SELL
-0.11537642321331218,0.235033948805704,0.06784705983249228,0.8679727756675615,-0.11537959777038158,-0.018103677739931427,HOLD
0.11372659705009028,0.24831888352058362,0.24271922510422284,0.935212637532408,-0.16141543103405245,0.3801774313151977,BUY
0.1583626181712545,0.16914087973273195,0.039177129329236865,0.6356809821783979,-0.17700721885896445,0.09878087209304116,BUY
-0.052660325094979255,0.2801643313177047,0.1603023189817393,1.1834537351229972,-0.104094740607275,0.1834902650154654,BUY
-0.07926916442408272,0.2757928575635591,0.06783143793509594,1.112948837455168,-0.039818641089898216,0.12528460292791116,BUY
-0.08498185279511948,0.19703792414803775,0.15238974171534664,1.1000191770703596,-0.09219906759633809,0.22068981843227037,BUY
0.03270430547827932,0.12246757599198718,0.09501736090987922,1.1014342436489226,0.007716299489381281,0.4,BUY
0.013945824436369825,0.2902763654604878,0.1110094065418879,1.346501202315947,-0.15375717704328556,0.21906481066923367,BUY
-0.05919605605091302,0.1757287854280114,-0.09748498201112718,0.9335498912205841,-0.1416693010968144,-0.06340714399396791,SELL
-0.13418940905370075,0.1888315637501682,0.13381941110781298,1.4539010792957416,0.0009630186376708566,0.39832512082612814,BUY
0.018521969114198233,0.15622764820754018,-0.09294055100105116,0.26686975814689307,-0.14821039083327178,-0.24808971984805384,SELL
0.1857663216724629,0.11771467715919616,0.24128812381416465,0.98474256723141,-0.008618802172458487,0.4,BUY
0.07838172026343213,0.07719523987792955,-0.0974957640674579,1.1036971643101137,-0.014411921847502701,0.2087851487856933,BUY
0.02342729482001643,0.22430078264901016,-0.09349219838105467,0.7681085753361032,-0.16969945788614818,-0.1285256584544038,SELL
-0.11125777408963436,0.12516192622723657,0.18640290421773886,0.5034917410397111,0.05402426048006176,0.2456919549569555,BUY
-0.061647298307644455,0.3941671860297776,-0.0906563621167314,0.8700524337955386,-0.30702530113379345,-0.3,SELL
-0.04682911764891004,0.10397484921712645,-0.037593742928922674,0.6106467524069837,-0.007088696253796142,0.039880922708878386,HOLD
0.11768124341253197,0.09198322675130409,0.12158807253056214,1.372773699494943,0.007126656688172963,0.4,BUY
0.15684877904261676,0.21570971009294088,-0.12856313891235654,0.5995093775465569,-0.1591117003099742,-0.12195376753610629,SELL
0.16557464874825342,0.2870519435277107,-0.128417710327624,0.3459897897829807,-0.21701678467621727,-0.2615098080030358,SELL
0.1945990128877639,0.1845212759860255,0.018861290469978503,0.9069447962316339,-0.12844199850344895,0.21970263035112603,BUY
0.19382833908658634,0.2200569694131092,-0.09033646059527292,0.654389627932517,-0.16825290641072327,-0.04550029785378544,HOLD
0.18354969646879346,0.05095168077789031,-0.0939539199939349,0.23425740272117743,-0.09028208836377645,0.0010237947862424442,HOLD
-0.12486225082399047,0.1325741918015763,-0.19584248536166932,0.8907792913970717,-0.10990420609337423,-0.1830536703805606,SELL
-0.10177226242526818,0.10484689896037029,-0.03329768396092342,0.852984975631982,-0.08638007131402466,0.07267239449753476,BUY
-0.04343671573338849,0.04734679050364832,-0.05678725042171856,0.34247592128647314,-0.1259483358605714,-0.0933370748772409,SELL
0.043514388922561514,0.18818861638167209,-0.18597988512799832,0.93669343654378,-0.2712763106296668,-0.1973295364538265,SELL
-0.11605773895308225,0.02300206648726963,0.07955493019614857,0.8943025634004845,-0.06831517542992357,0.2695248052481802,BUY
0.14602893523074986,0.08744628237387858,0.0819948319015093,1.1830576722582273,0.011228701213973645,0.4,BUY
0.06586466267705818,0.14239643441906072,-0.1681397877018535,0.606197901779688,-0.21026899130085003,-0.2394992444680961,SELL
0.03982754080577172,0.12180999148342464,-0.05733129669074613,0.44826333312909494,-0.0810142247744249,-0.03358023194317289,HOLD
-0.09214103682144809,0.20774859515449473,0.192762489397929,1.4317078417590858,-0.040715435458954556,0.4,BUY
-0.06136058395993092,0.2013906134331736,0.06197518071006031,0.8857045318959034,-0.0992797255213689,0.056287050185630454,BUY
-0.09389079125620968,0.24256591221548196,-0.014611374194605453,0.13799594243785243,-0.12946383683801288,-0.2762377313658936,SELL
0.14817660522817952,0.23266686128988745,0.009295867808843172,1.2489963577564405,-0.1279665927958689,0.2675771168554847,BUY
0.054479751021426354,0.25985689525529665,-0.1062740025038877,0.375461285286517,-0.33391022529378056,-0.3,SELL
0.1072952996318717,0.1798657119993662,0.16534667531856756,1.2004508447041808,-0.05796201911461721,0.4,BUY
-0.046388497981491,0.20124268305716686,0.21130211745293542,1.0872273980183507,-0.014969606149954372,0.30730668656705196,BUY
-0.020061577019102994,0.2158059591343434,0.20979881901251962,1.4563392139684201,0.03645009266215177,0.4,BUY
-0.008300762450713178,0.1899159688173718,-0.09922952373846515,1.4518110222323366,-0.06931850995668425,0.18011086804815266,BUY
0.11600524011041222,0.1521963983058048,-0.060166879500594406,0.48417487451806385,-0.18354211646298346,-0.0807225473105684,SELL
0.12032354568609879,0.15672902259621607,-0.12771975133570845,1.173029413712786,-0.16261157905765167,0.066848394191476,BUY
-0.0776152653700889,0.12277091211690241,-0.061759489865459094,0.5435971200918935,-0.176672083901725,-0.12126819665421398,SELL
0.17953859985833462,0.20951317809368808,-0.05023758254482988,0.9808771143614319,-0.06980868611864062,0.08769210421354412,BUY
-0.10777063189470976,0.1734189378140391,0.08489758167908595,0.9368445189364303,-0.019449519609361532,0.171971008528287,BUY
0.1636427288482706,0.13357783745542645,-0.11465912830334392,0.17636092186963054,-0.1084809594514347,-0.14567339762538042,SELL
-0.11486152402256675,0.1336428626472785,0.2137286159654846,0.1072544497695006,0.013610471860837236,0.1754943346859496,BUY
-0.05741106609704112,0.09527208905520479,-0.15360523846161053,0.1808696204327333,-0.049573793800293364,-0.3,SELL
0.14626748762378491,0.24851889388660398,-0.19690489503455014,0.2791188665444375,-0.16730703460777552,-0.3,SELL
-0.08717777467886939,0.1855032368672251,0.18472530788373992,0.46071348788688316,0.020490415865966963,0.1415696957337261,BUY
-0.0052512240415105715,0.11960399862987109,0.11669641349472237,1.3697373125395873,-0.0022498407909207208,0.4,BUY
0.007450754980444174,0.2365983424721413,-0.0400880583398007,0.8260857454853608,-0.17545564379491319,-0.03899390743711837,HOLD
-0.06415935944187662,0.14076858331439387,0.06797486765955313,1.2156484343771041,-0.018914961323937197,0.2864959535860098,BUY
0.09858582046759529,0.0815449561091437,-0.09940515462234499,1.2736364529500914,-0.04788694025166848,0.21610979171282574,BUY
0.1479671272907713,0.2514855602453393,-0.12422465810958082,1.1289203380267576,-0.2101130728706339,-0.04339357361487139,HOLD
0.1561012989494501,0.14240321073037207,0.012017110812425263,0.6479391741888006,-0.0981975280549652,0.12254491968107845,BUY
-0.031237248992203676,0.15137706368538473,-0.041065476625567615,1.3094031513773758,-0.05058676538354738,0.1641908951048971,BUY
0.035797638000735044,0.1828826014244424,0.07685352274088147,1.138869654649289,0.00421765368016748,0.2732330918561373,BUY
-0.06305775864702198,0.25998124559530805,-0.10183286694753584,1.1404120207670734,-0.23419168318193748,-0.15075321363930538,SELL
-0.0643212244574491,0.18140261036064181,0.09831746525227841,1.3622040580317971,-0.08268341388787244,0.29080944505578976,BUY
-0.09356107800182656,0.09606180116983387,0.14508768413626594,0.9381288614407571,0.017944646775340956,0.30879621385435346,BUY
0.17900665378263012,0.2180713902878526,-0.12501373563718654,0.8400042019470472,-0.15651837854015566,-0.038676143722142314,HOLD
0.16079609001195297,0.14605071930167932,-0.1802637724619378,1.3462275806359054,-0.18585425852784743,0.08145838094189554,BUY
0.12207554966469228,0.31215467800706265,-0.0021856811143975696,0.7362464194298755,-0.09399104773279439,-0.021922244410297675,HOLD
0.03118153245070515,0.17992161946014767,0.14831083869659667,1.23619897444038,-0.027523872920191365,0.4,BUY
0.021712770429155148,0.023547515147093356,0.0928509260083642,0.17538490462273082,0.04958103173861732,0.24777546041300907,BUY
0.03541098316387428,0.20501554805089717,0.11584677418656608,0.10180592223885099,0.011273584919675839,0.09604184737104345,BUY
0.037798804751981246,0.316121845458216,-0.018722297002984223,0.8396094854460995,-0.21961510733835277,-0.14223236365820374,SELL
0.0020970796441916184,0.29031442019817727,-0.09427450463611857,0.20305665134293233,-0.21632004779546768,-0.3,SELL
-0.10388580848777638,0.3081668002129596,0.039300479478074246,1.4671602188342892,-0.23184599978762752,0.03073861755736866,HOLD
-0.1060176514960124,0.10861678702329754,-0.10803543781286142,0.10770164365571828,-0.117001770951802,-0.27462532007169754,SELL
0.18328740054598916,0.24385066771837452,0.1268029136432796,1.105409491098105,-0.170035611370481,0.3017045651817496,BUY
0.01871076585522269,0.12946038221843018,-0.11136509481823534,0.44073857410070894,-0.08482979954869363,-0.12898306027973808,SELL
0.1836219337168161,0.19570025795918472,-0.06893152997854635,1.4545728073808788,-0.12399292926342974,0.3051795154694615,BUY
-0.09274809280146151,0.09089332998821871,0.027945150245352407,0.6341583108790545,-0.05721140324671727,0.06649850843401484,BUY
0.04404579321397675,0.13488809645820984,0.019019470364572716,0.1381967967694112,-0.07834625511998922,-0.035186263677146196,HOLD
-0.07729896132696126,0.1326627311845469,0.07038221938316325,0.1377100715722958,-0.013371430198013318,-0.01781096963232453,HOLD
-0.06138538785568946,0.24289886960998314,-0.0031499297750373634,0.874722720414564,-0.20378909802049974,-0.0920544975682042,SELL
-0.1394808974335874,0.23605033851687587,0.2137629888295411,1.4813967706437936,-0.045916614205682924,0.4,BUY
-0.10836634124092603,0.19937738105315744,0.17797034238873471,1.471682949064007,-0.013462801353463345,0.39832516104886495,BUY
0.17089694267021852,0.085470500736123,0.19560105305648728,0.5721821612049721,-0.06215558308944097,0.4,BUY
-0.037463452981183906,0.1581852396235196,0.08328245713154686,0.7757851088644557,-0.027351260636392052,0.15234905845519733,BUY
0.06284522417010704,0.12777184619400916,0.0857535621373629,0.24063812811694255,-0.12606480602453868,0.03321393591842296,HOLD
0.012754946196245537,0.24087730296861437,0.07413940767217692,0.8310475983884243,-0.12075034290487446,0.0602028879047544,BUY
-0.009842064164152592,0.2624729396972029,-0.004302130510344698,0.9395822386675823,-0.2173741712272209,-0.07558634320650273,SELL
0.03616013197112383,0.2539469910221618,-0.05505229951973184,0.4514863318558494,-0.10282678545668907,-0.1762946959001791,SELL
-0.08446636938463047,0.12713464064080854,0.06640129935199163,0.9569602102812432,-0.10757631735130585,0.08765347275036654,BUY
0.19601136448185177,0.011767318560263557,-0.18851067328769738,1.3595698523747555,-0.16497415504950624,0.200364063848069,BUY
0.136407754046352,0.05631266713089618,-0.19664460585928864,0.10133746679287275,-0.10577783554243739,-0.2369059131586545,SELL
0.10956512145603034,0.2795138884657546,0.18323882183353685,0.42050728403112225,-0.11509795334707915,0.1543180897954108,BUY
0.014065753954883353,0.1519121542476123,-0.17910917985007002,0.39388738865351336,-0.23802122592179206,-0.3,SELL
-0.09649300725578241,0.12744927672144213,0.036157817650038115,0.2734406842473578,-0.03571567901510755,-0.07352060171690278,SELL
0.17223305039574874,0.29498622054053636,0.07674449332734029,0.33254169783194265,-0.24586888811586965,-0.07748421169330076,SELL
-0.030514526416395335,0.2685611961841829,-0.11082294666990399,0.9762775635115426,-0.2572779450076276,-0.2089394534070462,SELL
-0.13246265860607317,0.18171141053438505,0.20307887721931672,0.24377214621089968,-0.056556208953943574,0.10828016509260169,BUY
-0.030158713116279975,0.15946178362552182,-0.11445690271323126,1.1339442526290104,-0.10134871165284859,-0.018173158477477417,HOLD
0.1280599606735595,0.17075291510308122,0.1980317443150036,1.3418316267817367,0.04153436701481031,0.4,BUY
0.06794806074587284,0.19590139588712263,0.14334562119986582,1.3972228138497167,-0.005063476685948594,0.4,BUY
0.11279350466070084,0.29200330969237254,-0.09166567091411273,1.024246140047581,-0.21953194370418025,-0.12287866427531416,SELL
0.1277723843518321,0.20957271969660587,-0.1321651251757579,0.3763549748870624,-0.29997509412802453,-0.2774638412462237,SELL
-0.07581588612181009,0.2308220323127399,-0.057695280416194206,0.21941520575587103,-0.1420286804931937,-0.29848417261035026,SELL
0.17332416063261305,0.261848907634912,-0.020922245178376403,0.42483493532979943,-0.09194955569106707,-0.010632765603946617,HOLD
0.0032963610221304063,0.09812267992829066,-0.08939689557548446,1.4467400600990596,-0.032942845796489754,0.26499626334334525,BUY
0.07365477724245759,0.232840332473183,0.24950119693949047,1.447283282450997,-0.016756270220927624,0.4,BUY
-0.14919192959464028,0.15938018717368718,-0.09665644869218855,0.6346864374856788,-0.19376582999801037,-0.2417002127058946,SELL
0.19767897444391228,0.00387333629590636,0.17378567214228563,0.5561081575365708,0.04092491689794969,0.4,BUY
-0.051686264912545715,0.03102813206099314,-0.12839701380928725,0.8140148151626915,0.026715035176972934,0.008644490615826485,HOLD
-0.12827791271094566,0.10873176719369199,0.24111008137417633,0.508363328054361,-0.039631504499751335,0.27897052745821294,BUY
0.010391714537779873,0.2171856260014807,-0.09851444377261183,1.4715274323177887,-0.22710921451745242,0.045728845074349746,HOLD
-0.10483947998628539,0.18796596957382075,-0.010240150347383487,0.40970994603440836,-0.06974806432498162,-0.11798770326953585,SELL
-0.0966856514448485,0.19290566950229648,0.051353830045557936,0.6167997550558759,-0.1167598319234311,-0.05822504643618156,SELL
0.07129898456057354,0.31656604378806846,-0.145871428179758,0.7011192259802496,-0.3073759536549754,-0.3,SELL
-0.012475412950418374,0.09116372695981312,0.16756903036559556,0.27508963231362704,0.08872793490650115,0.2537134527865701,BUY
0.17264835755424826,0.17807966520713933,-0.07639151029362658,0.6359547574781818,-0.11435160433447723,0.007237146287512088,HOLD
-0.03829522688717549,0.2013104865969671,0.047171455720748684,1.2994230081427627,-0.12100776788873968,0.1814052627077627,BUY
0.10416304493436537,0.12846088184231652,0.047335214811961096,0.29650540203946185,-0.11543118497558125,0.0834471468417692,BUY
0.011384800554217672,0.18198287215580586,0.07118829354660328,0.917630731156662,0.021655922318154705,0.2942969427392262,BUY
0.08098295539524758,0.06800354661409584,-0.1750313060640584,0.6692919932840234,-0.11203724133141124,-0.10439197480042522,SELL
0.05989337485059662,0.27869343520925194,-0.12412155717579447,0.33875141656443664,-0.14699828087239425,-0.2862249879470744,SELL
0.015474390465649357,0.13228698132286962,-0.12746349068448612,0.11727063022888816,-0.08567590783704421,-0.3,SELL
0.18252138311855295,0.32219801153449523,-0.06407693326286668,0.4826806248858603,-0.24499465830900552,-0.18277274247617536,SELL
-0.030050225035765446,0.17772679732577815,-0.13478862941374709,0.1865605449772027,-0.1861985859104548,-0.3,SELL
-0.0879675745627546,0.2519637495779428,0.21486459434843036,0.6274758598154292,0.007083332889302449,0.17952137277041166,BUY
0.08733292130793988,0.1762687991706192,0.030829502730085334,1.234293797979084,-0.020303611779338482,0.26912571037579935,BUY
0.14610264645776808,0.17784793174176292,0.08060881646620799,1.1075593652286575,-0.16831103126461128,0.2837577713285098,BUY
-0.13591119102102667,0.13911794667445945,-0.03913032107084563,1.4263371963824738,-0.0716338833839043,0.17745057093662653,BUY
0.007371440947938179,0.18833867505563942,-0.07568923653473981,0.6978215842718968,-0.14933963988346055,-0.15811790188940836,SELL
0.16237069139056418,0.20225990860898332,0.02642972660449583,1.0909219580285938,-0.16245021267051696,0.20259725026039732,BUY
0.11236651662300365,0.12510190437593738,-0.06755466132432489,1.0314784109428283,-0.08899570241943251,0.13581740189251293,BUY
0.19713270077416986,0.1712468908898081,-0.045359333421606085,0.40386482442156335,-0.188371707451847,0.00125596176342984,HOLD
0.03599483405903531,0.13729307937600202,0.003737893421885713,0.5250155073257219,-0.10420345798915193,0.034603662479531574,HOLD
0.08099850158040292,0.3409764848730387,0.027580159232959978,0.8417613467568643,-0.23347751386913762,-0.09061276217634948,SELL
-0.04413190160172516,0.1737188461061867,0.24294130530182745,1.2153202466082906,-0.032044348750780965,0.4,BUY
0.1816374598830973,0.28816625061875917,-0.09950483532712678,0.7465378282481056,-0.21627560918520575,-0.07844965592430639,SELL
-0.0217825790052123,0.1663064368434618,0.019589274197191225,0.41883815064573815,-0.1427264855224749,-0.04688840590556266,HOLD
0.10847874944032002,0.19815013490744354,-0.13271971722979747,1.4908519663925177,-0.09331901639272022,0.1203525589117128,BUY
-0.008900928558321336,0.08750451498483114,-0.04250034528141233,0.26181032889513584,-0.04483868543375735,-0.0782329436603831,SELL
0.04663662552204975,0.14870491856924947,0.12278982341788192,1.438244470487859,0.04962112964470583,0.4,BUY
0.10192388725754117,0.19473742695524726,-0.12149203530774146,1.2326648038026842,-0.17344326875014593,0.026512297372095282,HOLD
0.028126953112973974,0.2910202681671907,0.06160808839751941,1.2744509270309925,-0.1774084236561621,0.10031436500262111,BUY
0.16748021441832797,0.195538794437339,-0.012484539394396754,1.212884616328099,-0.034396311695510676,0.2554142234168248,BUY
-0.00324465422526643,0.27686042528350996,-0.17678920501798717,0.3914393178264708,-0.2657349241710001,-0.3,SELL
0.07647512935016379,0.22485103771420442,0.21988385866530002,0.9856153283533384,-0.05587168026185888,0.3861793016003316,BUY
-0.03017314834498107,0.293918093762528,-0.013878586868201148,1.1594497374313044,-0.1458999204799315,0.0018946838167455955,HOLD
-0.007145166119145452,0.17586704478864612,0.1527669410880248,1.143960108942312,-0.10629974085284166,0.33259352546510546,BUY
0.004017537881743333,0.34731558974562626,-0.012658930070689883,0.4801915187617086,-0.1778881916359692,-0.1689750635003911,SELL
-0.10596754359070015,0.14602226579601138,0.22181214471045307,0.353567142869154,0.030278851714804534,0.20725204672197178,BUY
-0.11789671232934765,0.12634767160616317,-0.06928834950699614,0.5593721774803688,-0.040057676864604735,-0.0743610086716209,SELL
0.08362147310136525,0.09529630052176759,-0.014496207640536413,0.7717822725283484,-0.018474038218768057,0.16089265176234593,BUY
0.07943120842006829,0.34317172700906495,0.14148890811667886,0.903293045889147,-0.08430855531488884,0.1639596914790285,BUY
0.08201839997353333,0.23736133008325283,-0.045349708123614385,1.2717305072468246,-0.16607777632481796,0.10375917187412738,BUY
-0.14308174413005792,0.1566115486633784,-0.03603931789916928,1.1766479187864625,-0.15151617229304776,-0.0003731656538073051,HOLD
-0.03570860506487704,0.26743158878114465,0.24767042803640055,1.0466107359331225,0.044108488650041563,0.3917600112667075,BUY
-0.08076655345928108,0.22813845295824473,0.05002653656065836,0.46888501011986483,-0.19320723792678182,-0.10023543842240776,SELL
0.1223529978904043,0.3176289229962913,0.11022120415156667,0.7704326985089206,-0.21781452608083848,0.04978571499858994,HOLD
0.1512206404886455,0.07165170170820619,0.0895580053691244,0.5696102237791455,0.02108858314816761,0.32231065900630823,BUY
-0.06366186797084844,0.16142479241800217,0.1725658662204575,0.4288994513707478,0.05342077344624918,0.21638431343166512,BUY
0.08374720559679522,0.14762350312400221,0.18782129474878434,0.11434350453687124,-0.003968041679179331,0.1651201236145059,BUY
-0.10472301878960394,0.04184221265139787,0.05346525961163934,0.5752467587989668,0.04624596123892731,0.19641015217668892,BUY
-0.05369661603940033,0.2542229043345786,-0.06744976626512031,0.45856277480047003,-0.27930378548039325,-0.3,SELL
-0.10147092631830316,0.1610722410937649,-0.18973988859126376,0.9006632577535433,-0.1975165482018213,-0.25094118865053666,SELL
-0.05076773169026978,0.23177418434905936,0.07648146297894404,0.18722247839719708,-0.20216931577502095,-0.2292645794610343,SELL
0.08615779157224726,0.34518403540307285,0.17146097496952883,0.47872743539428153,-0.09950548334259918,0.0639577322709053,BUY
0.16861441856483836,0.15527294157206742,0.002742912480246773,0.1626772859837815,-0.16942816628059248,-0.04452133200325751,HOLD
-0.07911715722653491,0.15051929121399912,-0.1258822367791111,0.9979850663188103,-0.20455541174167627,-0.06946624685317454,SELL
0.039727662232751704,0.18830649188067972,-0.0703630671789616,0.8954653819960747,-0.11542786175192234,0.016718081566562935,HOLD
0.09548688543520129,0.24910731470883868,0.02949501828033907,0.5724720323042625,-0.08457516391228109,0.05664081611894536,BUY
0.18352286396994796,0.1403300882282895,0.17650654853994996,0.3062684406097613,-0.021543838932454526,0.25449298155532013,BUY
0.06352116901051083,0.13583268820075084,-0.12271108426921072,1.4410877658762293,-0.10207542142270931,0.15967719390457846,BUY
-0.06071257414041675,0.25400324891689563,0.07546744406928135,0.9181494263440587,-0.09532556337877023,0.11533522874906943,BUY
0.06891735491987769,0.20650475266866247,0.13901587627774542,1.050758713200895,-0.0790678440622229,0.29202734776745043,BUY
-0.037828093412694344,0.03686902158966254,0.22122138415067044,0.8438882545772325,0.01163186656215822,0.4,BUY
0.19164493674209768,0.09422257403716242,-0.14748333874451328,1.2291465467046871,-0.08728230957587063,0.20973124148359357,BUY
-0.01011335269272709,0.28508651046790473,0.21687623537405082,1.3549320693673699,-0.053646627592368365,0.4,BUY
0.08989970226635496,0.20813497981551687,0.07066039082851577,0.6357947610366816,-0.05191561140339088,0.12714385035684825,BUY
-0.14187034617863453,0.12664628482739254,0.1450157143445287,1.0660354371228549,-0.002378163954679163,0.2766123161666835,BUY
-0.00997849385283564,0.16807132399355124,-0.17580138069415005,0.4218424783649557,-0.2295883423477571,-0.2863858611808148,SELL
0.15628766466287905,0.1809265670961169,0.0277666700382678,1.0125970660268537,-0.06293226417390402,0.2736202124195803,BUY
0.06357960555163603,0.23150133521961147,0.08018335333635718,0.6588178819671736,-0.10689651380864106,0.10358231058501605,BUY
0.00538001023859172,0.08492156235988473,-0.06192477205722191,0.10949423916182695,-0.09985971845498676,-0.16848605013843185,SELL
0.17757812480250404,0.12113356029306793,-0.005757406354436306,1.437739015791669,-0.08971489057730088,0.3903315473582741,BUY
0.1488945316515302,0.19910690284043722,0.049434160875819116,1.3158181637542063,-0.13420333627345366,0.32195748885818737,BUY
-0.03722451416197162,0.17301157936531847,0.04864657289784094,0.5071711704844397,-0.03990612951733326,0.04182647241664385,HOLD
0.04059194071446884,0.22003014278456967,-0.1811623135669229,1.4968602399260047,-0.275388747776512,-0.03566981933557847,HOLD
0.021438489632361946,0.09393448218482814,-0.002233205039498448,0.5439787443791477,-0.10692826806701719,0.0212910054887395,HOLD
0.0712708750402018,0.20499900733899248,-0.10378183034349611,0.7423818610427046,-0.18095078077437868,-0.1575336182982563,SELL
-0.033061056564435545,0.25641085335642305,0.21251278513840738,1.291762636644184,0.01184614445345912,0.4,BUY
-0.06452824973193912,0.21407729830044983,0.23946099555550032,0.5264348918592572,0.020052046696572692,0.19291437697339767,BUY
0.1694351423394376,0.18973782178331142,-0.0651588966415689,0.7307563981425,-0.2219482918889757,-0.02977690434441626,HOLD
0.1733560748244772,0.17328814782038204,-0.12116657123702357,1.0318220339725577,-0.08487216274941432,0.0718180750676596,BUY
0.14516301001669266,0.12156041930599487,-0.10122313207324563,0.2826545766813995,-0.045954493563710966,-0.05504671593406062,SELL
0.19237155076759646,0.1749600985292148,0.014988514908829187,0.6912905161684048,-0.15768106945512933,0.18146560071532708,BUY
0.11074703402289096,0.2681794097016284,0.1935275196009303,0.5331739123062771,-0.20956955151042717,0.08096739539311087,BUY
0.11763352999669988,0.17166800453799122,0.02501629672193781,1.0474840282107452,-0.09660536515138173,0.297433347231037,BUY
0.11690653218692423,0.11771372074561129,-0.17507357222811606,0.29035714608452046,-0.08453644087362208,-0.1962686753430995,SELL
0.018212670829807265,0.14554270378642295,-0.1820514787790852,0.42582407074131234,-0.08058311529347775,-0.22607841102532403,SELL
0.00975826807999508,0.1940595208093151,-0.09767407446971815,1.095926685253476,-0.19904670549153883,-0.079791857061555,SELL
-0.06592080334784889,0.1538540201973407,0.17924707492424297,0.3187141176137607,0.06698537308444104,0.21147386067564797,BUY
0.07568671802575166,0.21397122981441985,0.0796662508908148,0.6908269671358456,-0.20791285732316103,0.07437038560261772,BUY
-0.04873795236418291,0.2165990632524321,0.053331034203831174,1.0980330109296663,-0.12702955496139118,0.12552632248669768,BUY
-0.05976705660417596,0.24222882262832537,-0.056463683337811044,1.1716557382020074,-0.188783300372907,-0.09841619424347899,SELL
0.05508648093361915,0.2796491630585523,0.2182414322707843,0.23283365014033583,-0.022876073680602516,0.1318482394554931,BUY
-0.006506164121234892,0.24971011070606525,-0.05096978976704042,1.2927938531872694,-0.10529885903346632,0.09572804139590321,BUY
-0.07340018692187873,0.1146032655096428,0.175724985693826,1.113561221581953,0.04923921774341449,0.4,BUY
0.1356196058634909,0.11675258873966093,0.20315658308914786,0.5750124241706392,-0.05631642244543214,0.4,BUY
0.15119947175303158,0.1746959966478123,0.017500755947261498,1.169323993262336,-0.054686344019836686,0.32940467399580625,BUY
-0.09130516811277667,0.14841772499324096,0.20243017126633417,1.1196184114769228,0.017373531940263684,0.39473835258832546,BUY
-0.14737253852000004,0.100317129112734,-0.07543852067402881,0.9412477171117397,-0.17392740500123147,-0.015939422814193888,HOLD
-0.0323545110147192,0.14908157440789038,0.09629504178247411,0.881873642768182,-0.15428161937182894,0.1656562160781177,BUY
0.1291287924882634,0.14678409464666725,-0.1604163131640262,1.1285848844594197,-0.10033751755257203,0.05744948806396761,BUY
0.14371085318201351,0.13297065821671558,0.013270396341577256,1.4989638623876365,-0.08347920144236068,0.4,BUY
-0.10158482545938277,0.1578947359691496,-0.10220068902874345,0.9099731490422394,-0.1998762218157309,-0.13477420455240136,SELL
0.12101756541406791,0.2624915595222832,-0.17175652493122873,1.232205020467147,-0.23660614212129985,-0.17103610390712135,SELL
-0.10950354144169969,0.19394666288744675,-0.19832352136507067,1.141983204241816,-0.17749535222283616,-0.21056558759762697,SELL
-0.013478093445214778,0.3530266353238829,-0.05386154760163625,1.2981317628473559,-0.23750315656836157,-0.12537246502804641,SELL
0.19951333025417053,0.19193557302137546,0.06528876754154328,1.4363348059377938,-0.16664514445251227,0.4,BUY
-0.08259321186918156,0.15969539582439238,0.0048536564430207985,0.37031649044514126,0.00040207026077838937,-0.012609384033830294,HOLD
-0.09611274609783074,0.18028930178584063,-0.06420381566622677,0.3316434909531628,-0.08364420888860047,-0.19571457507152684,SELL
-0.0020198836086222915,0.1979544384910478,0.24604001384931296,0.9208925597808612,-0.03712553013857685,0.3862235154059671,BUY
0.06688398408945151,0.21046777700197444,0.22278626799085505,0.7290130880411062,-0.05192089179995703,0.3016027228553597,BUY
0.17651527384463864,0.3253697928101317,-0.1434560119231264,0.8990117700868369,-0.23462991071967076,-0.19387273862112636,SELL
0.19328740093656196,0.12082756745157018,-0.013201657999177357,1.217259828279712,-0.13425827345762964,0.35979646594954795,BUY
-0.12562577719301188,0.24013322407244148,0.09198112029712485,1.404400272068945,-0.09115366449776649,0.19787262655899096,BUY
-0.10170086892823313,0.19454254183298866,0.13007085888847153,0.6843821552779813,-0.13123380338744287,0.008460360100926073,HOLD
0.12675829086359783,0.07002315802005675,-0.035132530290729325,1.1051057037610743,-0.05959361777058408,0.3105172792508302,BUY
-0.055278746705198833,0.23394891474663343,0.13582681573090644,0.3755188629779731,-0.14446719754846044,0.02810295258436018,HOLD
0.1596971708272262,0.26873364925627335,-0.14413249419019478,0.8483727290963329,-0.2747973863461777,-0.12523801376611002,SELL
0.08220864003018036,0.11999765173557991,-0.05068431863403289,0.1305266888927279,-0.009986187814050598,-0.04217876684292227,HOLD
-0.11085431916676299,0.17937462924756203,0.12239492909015726,0.8052507939863357,-0.055705511198246606,0.18662969292390214,BUY
0.14138524972340247,0.05922520165946073,0.08155725561716881,0.8634710427756997,0.007458105521249477,0.39967808306201635,BUY
-0.08827526699717345,0.09188354782209643,0.17674459668774473,1.129623470089664,-0.08500128307222611,0.3197190483553487,BUY
-0.0017766118621211635,0.2533620704332077,-0.17891433979978022,1.0092787062897883,-0.25343306610588906,-0.24154932114458277,SELL
0.0432647249957655,0.14735084457947958,-0.12152372697962817,0.6017554280281221,-0.11395939160432167,-0.09555619726281989,SELL
0.025268152178097386,0.10238379175433723,-0.1781774379776151,0.10802326099836985,-0.12299443694627313,-0.3,SELL
0.09015702046530263,0.19606222551209007,-0.11354859908785492,0.26168022307212846,-0.2707582660100813,-0.3,SELL
0.07844035720423931,0.14343112979982836,-0.19807273521517926,1.4622849149244332,-0.15493087613311465,0.02692852346468877,HOLD
0.1972147019348192,0.14704248395571246,0.02689463575548981,1.391266421641428,-0.05913969589374708,0.39072631315030343,BUY
0.1997976682284657,0.2317528217972432,0.03774147800571495,0.5551304283136035,-0.059767001966124944,0.17156620006014342,BUY
0.03076079092247433,0.09867866487459573,0.09605130163269765,0.4623941158934427,-0.05354823421859552,0.2229496133681845,BUY
-0.1166803195636976,0.11662443511227173,-0.02678939875953046,0.7109828111660523,-0.19279385657795878,-0.07863651721601929,SELL
0.1047451546390514,0.1907855994504208,-0.19855653919166721,1.0659160414569018,-0.24373251293717715,-0.12169496968563667,SELL
0.19183242737580622,0.24785868535237437,0.10325101948343673,0.5995587417211631,-0.1622680553614778,0.11002158464820772,BUY
-0.038585764329842884,0.2666712211042895,-0.17556901051343934,0.19421138682361777,-0.1933948929789507,-0.3,SELL
0.01142311004315083,0.1334456795746864,0.18977669386798474,0.6639131294221549,-0.13999355961738386,0.3097959891741035,BUY
-0.0013280763145904206,0.24561638768437535,-0.1898057055314282,0.46482459227400463,-0.2457099378268276,-0.3,SELL
-0.13200329590507473,0.12511003945707136,0.03871380546548461,0.5549020156956965,0.011709272190813767,0.05340829724506723,BUY
0.08529255092820567,0.307834654283476,0.2027130470734843,0.32814014410222614,-0.10325495059901012,0.11114869882883768,BUY
-0.026331806726036272,0.100636028220619,0.05762030910495103,1.0223760972239064,0.007482347518430216,0.299118662686889,BUY
0.12561235612102575,0.27299351675542116,0.0737875359447685,0.8372833065433148,-0.21637101235289968,0.13780165922399934,BUY
0.14124202634869512,0.13404597252268932,0.10672488175183259,0.479208364213496,-0.1178371064731967,0.25150279828584976,BUY
0.13743077530924588,0.32092725183562204,-0.14491601852128985,0.8754074738287378,-0.1786606356176274,-0.18189514450487013,SELL
-0.004166900686041947,0.2213924510196739,0.10371719536475177,0.7897909860341332,-0.08628782417804097,0.158835127096248,BUY
-0.037459011215685165,0.10887884294142446,0.19615969690576684,1.2143647991924391,0.018300291107909285,0.4,BUY
0.11208727288346917,0.14344330643202452,0.2383993747758924,1.4383779770762823,-0.04661387535420758,0.4,BUY
0.13048630184495305,0.23468268436566192,-0.0006266002887438393,0.2829387125701183,-0.1360211642873831,-0.08521083039827594,SELL
0.021940106236978146,0.2536851092330893,-0.04497281674510392,1.337478870471176,-0.22749707065489994,0.063888707930501,BUY
0.16256085683770607,0.17504990857928762,0.13898932701834266,1.086715713598863,0.009909308105047011,0.4,BUY
-0.0996319563725046,0.18312607966744265,0.04429342964289154,1.0695749634170666,0.0442332595500996,0.16342576052959917,BUY
0.15767407288063603,0.2330847122850846,-0.08421290549523629,0.6240212559994611,-0.14933893688587882,-0.094288723532741,SELL
-0.11636666845984156,0.1892258898907574,-0.12252895176363367,0.5814714736508894,-0.1942944339129851,-0.3,SELL
-0.09626606728088513,0.08945465984631368,-0.12339636473326535,0.10789527875152377,-0.2297142583258273,-0.3,SELL
0.03684400464588611,0.12309181827518734,0.006629666472768414,1.4750868244922308,-0.1554264301031221,0.30580756767898215,BUY
-0.12636853193440473,0.19645839602061654,-0.12344401747295745,0.9491081653222683,-0.08950955305019609,-0.12859962098431024,SELL
-0.13151751450996138,0.26508376915483856,-0.19112647519483142,0.6632600734934956,-0.2869604437343894,-0.3,SELL
-0.14981843954200305,0.2931187696913433,-0.17656005126363952,0.86127635064905,-0.26503702640458743,-0.3,SELL
0.0027108308929920943,0.23456705945400153,0.21844804477883456,0.15673784773476745,-0.02059471903190816,0.09551013892480781,BUY
0.12111835845228044,0.20011035327254545,-0.16716739647793893,0.3431113374083364,-0.1128186805866132,-0.19485699883306337,SELL
-0.1378065774020295,0.23241697201877337,-0.1670686892385682,0.9727038949487635,-0.2162570049648832,-0.2903521610625184,SELL
0.07829016226304938,0.1333274404855201,0.003034800490089584,0.819966421557068,-0.09901588757857795,0.1413398191129015,BUY
0.13809456109566529,0.169273832781925,-0.08970487294923536,1.2019047520986863,-0.13386519742331496,0.12817753816885563,BUY
-0.0911997029977451,0.12231084950623662,0.233212233477624,1.022239766623472,-0.01148350714465323,0.4,BUY
-0.09859769281250852,0.09258801725046018,0.20994362777401188,0.942009946371142,-0.00026631940531910564,0.4,BUY
0.15128034076718763,0.20334843081453435,-0.017865538097929817,1.2413719860274388,-0.10856126785119885,0.258178018991467,BUY
0.13809361348253316,0.19298593146093204,0.0019291837373166532,0.19556834777266088,-0.10575530948990824,-0.0626276786668752,SELL
0.03862961819246541,0.2281356739156309,-0.031198856115993406,1.0672415150037993,-0.04278068146784672,0.0758396388863288,BUY
0.1367199577528931,0.2182278281624713,-0.1829602475105923,1.1018269986046216,-0.18217835506994823,-0.014887270511761946,HOLD
-0.11753537290142682,0.19698509899267033,-0.0682189223353811,0.48522896955201533,-0.08792135092506323,-0.18267472502571122,SELL
-0.011931468721435967,0.2189631665974288,-0.14479693867460716,0.37390949108235216,-0.2428609342644567,-0.3,SELL
0.10822914463723052,0.17701218326407664,-0.15393335149319476,0.39939346563839884,-0.14152278605421031,-0.1696210695480099,SELL
-0.05989181423661283,0.20890239766556803,0.05238770782137453,0.3773972088047919,-0.14053542280084397,-0.11330857350552997,SELL
0.11331512005174346,0.12916989181195482,-0.155555814028897,0.8332950672650323,-0.1199515975339038,0.010320005255023301,HOLD
0.026462511536784833,0.2058794147947391,-0.15368090429213138,0.28987683591215985,-0.15057428068795395,-0.2772186619530723,SELL
0.11259309578188156,0.22678923797002065,0.016231171668706856,1.0230002059870906,-0.12708763191445596,0.12131363578402814,BUY
0.012637873250065351,0.13312230003494577,-0.0009729356948125767,0.24710956252827734,0.04010373177484716,0.011554844824843102,HOLD
-0.021233480922363823,0.18362824692949928,-0.1380643466904338,0.1376454964343587,-0.09400369837845045,-0.3,SELL
-0.07328377423247869,0.13634782432594483,-0.19799793883601166,0.5470063394242195,-0.10214560348851676,-0.1991696745328596,SELL
-0.07706723049774475,0.14314453124387194,-0.11316150120447029,0.36860361322625745,-0.09293700960961059,-0.25470621910505253,SELL
0.11302178369998858,0.10125494514284916,-0.09384848561808168,1.4841268775741152,-0.01012432044643996,0.35734313272284524,BUY
-0.10838137818811383,0.2686042447616589,0.16011179962399041,0.5241948208641043,-0.16896629188085993,-0.014482382313598986,HOLD
-0.1199061774611692,0.2545979622304033,0.21194725773724676,0.41088972043571925,0.0005342816561855479,0.06500776447506337,BUY
-0.08829802224225444,0.2176203697959136,-0.01732502113041362,0.3754777528989004,-0.18706444592968977,-0.2323536467287833,SELL
-0.08862872099112734,0.31805371663606696,-0.017737973074559987,0.6233940667248864,-0.22614437516480065,-0.2548857983249451,SELL
0.13808766798241492,0.16675280124021258,0.12061657769194001,0.9481884534642089,-0.023735427464268134,0.3350123695412768,BUY
-0.010522681784025656,0.3922233690577444,0.08211490706711005,1.1947233850647954,-0.14082705033226645,0.0758142830827724,BUY
0.19663596007616882,0.16407294092457456,-0.1171369159879659,0.6104067468402957,-0.2029773625340292,-0.043473455429485885,HOLD
-0.10197605977328567,0.19786353462292114,-0.1515398949668624,0.9763593720599051,-0.2049613226443842,-0.2037511676049034,SELL
0.07873893899277515,0.1521555460241854,-0.0030746492052271535,0.7748838575911423,-0.08764658367153658,0.09421589029022229,BUY
0.007055327520437693,0.20606278920422133,0.05417276342324334,1.2850934847547577,-0.11128686838802117,0.22982073043698534,BUY
-0.012478638156024124,0.2384930449520371,-0.13758157857853584,0.8966584880218091,-0.15542685534087722,-0.17223169511718658,SELL
0.15627946966892878,0.1720258524862841,-0.06802692796619997,0.5058483406307401,0.041370098120975585,0.05347388632703129,BUY
0.19145847603993985,0.30437038929823346,-0.06232565160624132,1.0850221600495582,-0.1865864587951426,0.06209633374238465,BUY
0.15550063557096253,0.19674044992434225,-0.08241580953912621,1.248090283232194,-0.18777041567837163,0.1257091196882073,BUY
-0.08269476233770344,0.19893397702771393,0.007342569831305962,0.751616919469551,-0.18124877481605572,-0.10717316565327993,SELL
-0.07272072757687309,0.11637016138403976,0.09387861294388233,1.4820761344352464,-0.0485333473321512,0.3794123043841407,BUY
0.07962585768327216,0.2092949352185269,0.02922544762719656,1.3307356308678389,-0.160899276381677,0.23916178618418982,BUY
-0.04882074642663291,0.1706180945433444,-0.10934454698869511,0.375736537531688,-0.12273118592271352,-0.21192127703031632,SELL
0.10715379577320297,0.13742321894638992,-0.1536774288286701,1.2014582210187323,-0.12132382111009066,0.1086517367090766,BUY
0.04824722778337562,0.12564679142961452,0.16984170830441514,0.9413317420896725,-0.030609801762250477,0.4,BUY
0.04281806897164103,0.367023436582968,0.015687107223003566,0.8487358169309684,-0.1146914683713902,-0.04790993639481094,HOLD
0.139991423693575,0.1615565924874675,-0.17203736713975526,0.8195140212113956,-0.2025212683103773,-0.0842024128682305,SELL
0.09868647010993722,0.07801102054531124,-0.08384532515769891,1.2947755998954007,-0.08631629578517501,0.19782936148441824,BUY
-0.1406977822509479,0.1311244978187199,0.16181520027286966,0.9552219044648279,0.018009514712406804,0.3133277486123952,BUY
-0.1326893019988945,0.17639025123666505,0.1382768461480975,0.8527883790752271,-0.00592066759426859,0.1658246900706562,BUY
0.06054545835960548,0.21826669228315393,0.19411748480382002,0.1684038694612687,0.010565804628795625,0.14858279023396004,BUY
0.020167226467796423,0.21883575652077195,0.07093952170076145,0.7276240176619803,-0.08150082128249664,0.19059110302848403,BUY
-0.05893537062995301,0.22736301862435676,-0.00969232953887525,1.3712581868637108,-0.0877491079507643,0.14772709644533646,BUY
-0.003470369439819432,0.13485977853538691,-0.008014251100497194,1.0964314210824666,-0.117376976162828,0.12473939585511828,BUY
0.11526861155650117,0.20383083104510819,-0.11269997997817534,0.1713355692786148,-0.12147439260081594,-0.22624632921408264,SELL
0.13931401963027548,0.11867583751225949,0.09285953268304681,1.3375891950114593,0.01117476807368302,0.4,BUY
0.04642807376151545,0.13662499118901916,0.06328094024178432,1.2573341099278756,0.018981715120979042,0.35236274673996076,BUY
-0.01512068170001396,0.11576037178498183,-0.13031101485702384,0.865357896197339,-0.20500242862522577,-0.037853583728118645,HOLD
-0.05525613347671254,0.09681278017812112,0.19854831402041867,0.13136765125519406,-0.02402749827875856,0.1870549796211595,BUY
0.03267146476923871,0.2544946642200606,-0.03418930851023133,0.8874014652473209,-0.1252154734677638,-0.011041221136596143,HOLD
-0.03983763350246665,0.22820281906852213,-0.1776175555155192,0.17642466989699654,-0.3405369376413908,-0.3,SELL
0.04743329796652801,0.2483665758984691,-0.0524535856490973,0.5485305434924725,-0.14540107110930287,-0.15064264171385094,SELL
0.08682833387837316,0.18275191462170073,0.1914355216202091,0.9804734664638344,0.019913281121631564,0.4,BUY
-0.1268722761782118,0.23437653892056026,0.21263046363780302,1.3780783174350442,-0.08439250027473692,0.3719565307450701,BUY
-0.14962638724203847,0.05670974167502184,0.020679287766835086,0.6009138921632702,-0.04726362990387466,-0.04617028195645915,HOLD
-0.07570300140573996,0.24041612626317485,0.2303529730330381,1.3040332960368346,-0.10581535390668487,0.4,BUY
0.16307902420157336,0.19239838810035212,0.1938588141453892,1.3857054145607228,-0.06397286318862574,0.4,BUY
0.07620176712999568,0.22389767201044158,0.17135382269465138,0.12946143264024004,-0.09042549922649228,0.07615426025409619,BUY
-0.089813876822042,0.20660163093340292,0.18686952910699273,0.43519897285354414,-0.08335523064052072,0.12655672502729048,BUY
0.16159238663826656,0.11090613918241793,-0.02815606452402944,1.0938072189184982,-0.11469001820828736,0.2592024845989436,BUY
0.014484579100568995,0.07513721572262672,0.1404110233399946,1.1595802603113678,-0.002468159341997858,0.4,BUY
0.016632114837531214,0.13015620836719255,0.059802551384267155,0.6493835903038756,-0.06832792024941474,0.12555677681539282,BUY
0.17743968034492927,0.21954420968910385,0.12385780078313802,1.019456457881997,0.01152318949284574,0.3541624737874704,BUY
-0.12917965773583098,0.22830639906227768,-0.11999625158865143,0.9570220643068491,-0.2046915972286777,-0.21098061167579066,SELL
-0.07468760387994852,0.08424404058326959,0.1291272602987239,1.135684946241484,0.018311990579120734,0.4,BUY
0.05501996380415283,0.11132304427722496,0.2309165953873773,1.1061217988431706,-0.0032713367351991235,0.4,BUY
-0.08157972164629856,0.12937350198414124,-0.0638015049283567,0.22021911718650589,-0.13262449195390028,-0.2510956711547118,SELL
0.08783445322313521,0.1549886457813229,0.2437725957800322,0.32155025331608533,-0.08070267604341198,0.31398118602937913,BUY
-0.07506769873214793,0.08465644184031433,-0.029730793337583022,0.2858180061630424,-0.14125449482977648,-0.1470419264368481,SELL
-0.11529506029041497,0.0804563763701907,-0.11012442634053522,1.4054720977799466,-0.1526735103409785,0.06729662786941883,BUY
-0.07755519412570609,0.12247152925147121,-0.14947119658989272,1.378959707694185,-0.12408655444883628,0.01657453111097822,HOLD
-0.002043088004778232,0.18603776853575038,0.15323286097967997,1.216377177435758,0.003479166034651038,0.39852667236248723,BUY
-0.08835159528942205,0.09735839621725564,0.049671430169455744,0.26340598494634304,-0.127879692007347,-0.1034191513409426,SELL
-0.10285779127682844,0.17189375430197637,-0.06179091785208701,0.9039800578874202,-0.15530645978946145,-0.09601819553493604,SELL
0.1510986601766293,0.25409869712992705,0.07380266640719102,0.362122876525792,-0.19128268718259722,-0.00415000196870423,HOLD
-0.037860978740942255,0.08887541838105428,-0.05055446547154788,0.6157375125823235,-0.08676089192392922,-0.006444334617288946,HOLD
-0.02373445971861124,0.16554879691126223,0.001760990797806422,0.47392778729237806,-0.04483640714227724,0.009933399791153569,HOLD
-0.13065535667457032,0.25173297136255407,0.18819885658889102,1.2605033740824523,-0.09810436026237479,0.33033963557127616,BUY
-0.024920631774281055,0.15072121267453334,0.10067491458662414,0.3022319593269825,-0.052538610380055174,0.0950553343077529,BUY
-0.05731748793744712,0.13984312163991067,0.1430808278671224,1.004650836054106,0.04608787798251826,0.37731076469585906,BUY
0.06366977356962597,0.26144470700145317,0.06257209816130932,1.4774525292866336,-0.10894293841095269,0.2884348681916817,BUY
-0.07811339581465766,0.15856585447199165,0.24612912199852943,1.0618764165550867,-0.03469245667462331,0.4,BUY
0.16092790857199415,0.2573146517643897,-0.09136547016909831,0.21092688460974357,-0.18298921483448688,-0.24661372953030156,SELL
0.17538331732184428,0.2100275773789039,-0.08196897767653337,1.3709893027475348,-0.20018158806807024,0.16761851516155568,BUY
-0.11505912998812343,0.15600087429631143,-0.15834847756775022,1.0003115487654346,-0.13591581496808697,-0.12706065941826652,SELL
-0.11240896529899796,0.2135783371418271,0.049308775931819704,0.7388353714472848,-0.08265648420873042,0.01987742356061888,HOLD
-0.10963574666115421,0.20243146596922265,0.07601165638376556,1.023569469957566,-0.15941220205294998,0.08721684270796122,BUY
0.0668492397086092,0.25146179747017317,0.12668270780446889,1.3306620626616918,-0.09144652449102764,0.36804057896265124,BUY
-0.107310862526632,0.1416158123494487,-0.04904933332283254,0.7679781190813489,-0.1104678836385982,-0.023552698325326554,HOLD
0.14833381127559317,0.18288442467471336,-0.19448443916073777,0.8438500759371209,-0.16029056061051752,-0.09127402596939638,SELL
0.11399503022826232,0.17569390242767538,0.08450329168974396,0.7334263589051349,-0.030047672229750966,0.23328952612427284,BUY
0.1369331003833084,0.22929036991478494,0.2494129716341722,0.20162799685313132,-0.01393655308897181,0.22652779199543704,BUY
0.03412118441010731,0.1082374563889077,-0.06745279079450339,1.2018981776983018,-0.10708325782013359,0.13424019809931467,BUY
0.1988370240317037,0.2511883933766499,-0.11722949638894113,0.2769764410985745,-0.15093833353836636,-0.23513665909640333,SELL
-0.13453871396954356,0.21264301405192915,-0.07320486897814107,0.6523980144036343,-0.2005208948379265,-0.2355122695346638,SELL
-0.009557262534860334,0.08781524484569374,-0.008563036350328762,0.6415519838508208,-0.12214046111602272,0.06072728018603815,BUY
-0.036622165871827345,0.264578397783635,-0.08708918197134591,0.49205710892143306,-0.3533470456867594,-0.3,SELL
0.18202592454942437,0.3363865156558412,-0.04386798858461155,0.6635099762521857,-0.2228861524142071,-0.1400451806789066,SELL
0.05190133547415751,0.25012837786845854,0.08719303236071319,0.9652127545353999,-0.1562771357514616,0.15439356026663445,BUY
0.13216683790565384,0.2798889337058529,-0.0447374059208234,0.5359422370907965,-0.16594059878807352,-0.147473956896004,SELL
-0.09038058221951839,0.18597599671218115,-0.021773474847355395,0.341516712777587,-0.21885635766846923,-0.2230933569274528,SELL
0.1925219503651536,0.06369465561830427,-0.18198593174033123,1.3171145147101733,-0.14337009361209008,0.1604007865155612,BUY
0.024523841406710295,0.05091156841827324,0.21307412573029139,1.4591657097999897,0.07819620453437688,0.4,BUY
0.02278522669472602,0.19785574307074308,-0.01690131803831585,0.7420173534268487,-0.1769657803752212,-0.029176561271826943,HOLD
0.18980965499100824,0.1385614834589014,-0.05233541778434256,0.5578275972824202,-0.08360821975843476,0.07754668407915441,BUY
-0.01674367357399925,0.1159796605170854,-0.16108211168957698,0.16647490888952104,-0.16187177073948406,-0.3,SELL
-0.010866241405752486,0.17560773212219272,0.08538244692783264,0.1515921568540744,-0.07285207599118244,-0.04277375656159683,HOLD
0.054663445981727815,0.22309097015029017,0.1887212276186897,0.6500347939035628,-0.02860819072185542,0.2755274587405866,BUY
-0.10518158630827457,0.07830697172664967,-0.18148105997641986,1.402338825621352,-0.0719367558707921,0.018338763113518227,HOLD
-0.037620030755850783,0.14857856658037305,-0.13462738968528404,1.1229919607621903,-0.1383734752563071,-0.08500959395236332,SELL
-0.08237708714420432,0.2856909478184221,-0.13412457700120672,0.588977186419085,-0.26576491423547316,-0.3,SELL
-0.11385078231253264,0.10472981338450377,0.07102368490650679,1.4552649952548853,-0.05733035718708204,0.32850689585390097,BUY
0.153150612215857,0.24088328310154694,0.21455372622326596,0.700261064558023,-0.026860711217273875,0.3137436277858115,BUY
0.0562659081446166,0.14606884669157041,-0.0030042348205207015,0.48750984156450394,-0.13990568111728086,-0.02083215919568784,HOLD
-0.024464522965231078,0.2182055631894967,-0.04528709831276723,0.6968945426141,-0.15794150707081517,-0.0635417875220539,SELL
-0.006965717921650516,0.2568129255042007,0.14462830851851105,0.39616051777736583,-0.11553063681318973,-0.016350915638183208,HOLD
0.0010316512905741149,0.2318897236889515,0.13415607779004313,1.339894278281114,-0.09063949226330185,0.32426489697958727,BUY
0.07160221375064826,0.24364117215497136,-0.08895973732525568,0.6056426345847664,-0.23223272468555395,-0.1291577296031005,SELL
0.17436928702114765,0.09938845266144306,-0.12762813696145128,1.0211565502920499,-0.20328154399205195,0.08890714131065286,BUY
0.17647286687994387,0.2579561794718909,-0.03898548541308963,0.6446660783580289,-0.14433077105038825,-0.03706106658730742,HOLD
-0.01297780716426783,0.1203114819755626,0.14902152650198403,1.3624239851495474,0.03562829258988849,0.4,BUY
-0.03475813914078066,0.19816792359000768,0.11277852546174022,0.9993330524018821,-0.16339809184421633,0.1869267532478685,BUY
0.007866275064839251,0.19807723308980588,0.09963416786029233,0.7835526463938192,-0.06054636466345577,0.2214847495046507,BUY
0.04877698064997238,0.21395857912087066,0.17324285207344176,0.2850001568538739,-0.004918860900886848,0.1331057559628185,BUY
0.011636269007411881,0.20358696732421333,-0.07529135944637283,1.3626833279930861,-0.12247317183496097,0.07860266020322593,BUY
0.08056369343584532,0.12093330150326936,-0.04714232353872047,0.8655436155804792,-0.11225041925125313,0.05719439967753747,BUY
0.044039658182917274,0.08550928113929986,-0.18094724722587083,0.49907416214598455,-0.17085928606146614,-0.19173484008437816,SELL
-0.03774955865707337,0.24106440759732378,0.19093559911159003,1.3290976485433859,-0.06421550094625877,0.33807238065715395,BUY
-0.028994217983078593,0.19300842042632407,0.06209338071498016,0.1762165983521709,-0.07857844702745832,-0.09762893302566197,SELL
-0.01749252435409418,0.26045637886704726,-0.06584496865233802,0.5397076842614003,-0.17782143922336863,-0.25213349765547477,SELL
-0.11687608111271396,0.17686869460684923,-0.16876256084778551,0.8515597616830065,-0.182632972609102,-0.21776052986307623,SELL
-0.09187807865510941,0.08163849475261276,0.12553427642310683,0.5757400704606103,-0.05290197248846279,0.16122263198551984,BUY
0.10308983075088515,0.2476290776702874,0.1369318837970775,0.7674279575304009,-0.07267027851789887,0.23387005471113342,BUY
-0.013816150967271984,0.1540740573237225,0.09978039345176015,0.4700427532633774,-0.028989552292853243,0.06658282548470065,BUY
-0.07491135960394972,0.20394024201947147,-0.10829856307397172,0.282116327306056,-0.15564246416818797,-0.3,SELL
0.04693534370120003,0.13467784000643365,0.2109472263288722,0.15159579406359242,0.009121868781251569,0.18750046924410074,BUY
0.1144388398656995,0.29510111971635833,0.13892110855939432,0.32070519087699867,-0.037529754018752,0.06396496367343406,BUY
-0.05990217317912,0.1186404623071762,0.09599034561278663,1.4341251196347364,-0.06400707836786088,0.4,BUY
0.13937645867331053,0.15637991721256778,0.09292476553980439,0.9055643866714337,0.007413710761213874,0.3733730627809609,BUY
0.17462670086876733,0.18752140918881213,0.2069609650412385,0.784544175389132,-0.06642968295788376,0.4,BUY
0.05908808517584424,0.10354723710391292,0.21773820989370568,0.638053375027992,0.08041447034295594,0.4,BUY
0.08413168064705284,0.20313636700113166,0.06803683810460798,1.0917882043767395,-0.032998707454808617,0.2531959873872739,BUY
-0.13159840338693063,0.29283373342272434,-0.01249876506685324,0.29776326626853067,-0.19535230625047,-0.3,SELL
0.18093196185766727,0.14566764875144025,-0.03631970919826272,0.48658181471372886,-0.01888032022712756,0.038995557670674336,HOLD
-0.012630343007269673,0.2076599973322208,0.1685854784863251,1.0182629675292538,-0.03371001266749797,0.3099025717090404,BUY
0.17336514019090046,0.012460477022698896,0.0900724029254501,0.770690110419319,-0.015310947100467674,0.3852554530770663,BUY
0.05264213366258488,0.17727495596606116,-0.16523028638585588,1.1781295545427242,-0.19116491785343948,-0.042936343349501305,HOLD
-0.14838342040483532,0.1580870399851656,-0.13601629414323776,1.3559537815393146,-0.0926206263430619,-0.016564308305292902,HOLD
-0.1365103002367975,0.12270516783127304,0.20508365279718088,1.2527216279189186,0.05456359551394102,0.4,BUY
0.08814658198447267,0.2557015328739972,0.19802416664702538,0.3578907999650248,-0.12711327313455273,0.1625280370439365,BUY
0.04693380484117657,0.157162942286332,0.228324601913861,0.22805832973776993,-0.009930790215779663,0.222858585995631,BUY
-0.14071364697787397,0.16757657590344888,-0.0074670647022543335,0.3372168407630679,-0.09335662228414546,-0.16315763303112135,SELL
0.11021098642783486,0.153596498764765,0.1528274084383182,1.1969429682403228,-0.05640716533731215,0.4,BUY
0.14825086797421358,0.045822888976444626,0.17270126229144472,1.3793635252897947,0.15947675769944708,0.4,BUY
0.02374611885375788,0.10076094919461272,-0.05793639237281312,1.3956284147854006,-0.0719479392956266,0.22437736564676414,BUY
0.013015104125039229,0.24727654402841515,-0.13459802994778602,0.5175021051186238,-0.20529574794131597,-0.29731122210064764,SELL
-0.14808441190788038,0.03230345471840196,0.2486618627376278,1.2764779292189816,0.13962522447691444,0.4,BUY
0.12532739937275975,0.1263579255269006,-0.18640135831189256,0.8507297490309352,-0.16863597538283914,-0.03603346077662877,HOLD
-0.0342493766388631,0.15201959605971652,0.06880116342014936,1.2519085876874902,-0.013319911736904014,0.30283231974904556,BUY
0.15756726692388887,0.3020535307104096,0.09259552338176902,0.8677107793320014,-0.22758052885268737,0.10104100173788866,BUY
-0.019428794354681422,0.23380226358474582,0.10680520388634174,0.30425050769076545,-0.12024197890858912,-0.06555656087047029,SELL
0.047777268720746946,0.14099806310628302,-0.08496751521390963,0.21090737150233638,-0.06613232303047131,-0.14598753480849355,SELL
-0.05538037413023536,0.27131595879808856,0.12471065993448283,1.4401068088930755,-0.03439542527557643,0.305292603223959,BUY
-0.09379409059527846,0.1281638925649216,-0.10262019652343052,0.6961235790042104,-0.1566111997986248,-0.15964129832004184,SELL
0.12121776618346478,0.25063698626138037,0.17306721508825712,0.5907289028562449,-0.12564638753245777,0.19148055072087242,BUY
0.023806667596198566,0.0848785927853889,-0.10139749666191447,0.5988243186756346,-0.06311383281747618,-0.010656648608226921,HOLD
0.037770773313287764,0.255128048225241,0.11351771308423486,0.6305081760656608,-0.1388214384473363,0.057611098109513925,BUY
0.1878955837186074,0.151570644817031,0.15253606862528912,1.4229955590520733,-0.043356855327872645,0.4,BUY
0.18725296927775378,0.1080047031341111,-0.11497441229201506,0.1877864223644462,-0.06697233556041479,-0.07621979117790516,SELL
0.14947474259584123,0.164799947084658,-0.09290608056532876,0.26668580233521877,-0.1632475095576269,-0.24603216992334154,SELL
-0.08433674753223824,0.19941409258041504,0.1505966824304651,1.205512121674589,-0.15768107015284727,0.23528545254898564,BUY
0.057995443005552955,0.14536760986320013,-0.16130046276427124,0.8691732878761942,-0.21679497280392263,-0.15724216242567782,SELL
0.15735159862943807,0.21877674541967265,-0.11415757139000114,0.27995146114533276,-0.17643129652179,-0.18573198605286814,SELL
-0.018937622242871793,0.13919042814351526,0.004988907785461849,0.1482441914896709,-0.17468985119556865,-0.172827877545151,SELL
-0.11461284192254526,0.22342606757519506,0.21858186793514678,0.41392808759091837,-0.061480914235924354,0.0914061680097893,BUY
0.13383701578397264,0.21095554434256197,0.05284502570185473,0.4651350327943795,-0.17504014213699493,0.02551356905077782,HOLD
0.018617242976760068,0.17573538617044454,-0.025544968306298543,0.11989824140449878,-0.033662268681506236,-0.15879475989120873,SELL
0.04753743812571248,0.1491032381343835,0.24026660000011446,0.4025267536720707,0.11490182685769933,0.36368928715392285,BUY
0.1937505037112455,0.1906078557035686,0.00867008779957984,1.1336465117333596,-0.16380653341941265,0.23527212214638463,BUY
0.06252400067292524,0.21851776201235895,-0.004819261840633082,1.2976071654918053,-0.12020042794177269,0.17343779922657546,BUY
-0.0012572150168645158,0.32432594069121257,-0.014760057400524412,1.357530161677605,-0.2485197739747799,-0.007804512495987702,HOLD
-0.02050547125348076,0.24575942952587265,-0.0595189673269417,0.6458796457009607,-0.18672902474902583,-0.21023893604068053,SELL
-0.0038332475710840253,0.24831929648710888,-0.053437335618087056,0.5471792162649807,-0.08019304574170988,-0.17563645868101868,SELL
-0.10856032088746592,0.39619585364021986,0.10952667696827412,1.4998051874910425,-0.2172412687831465,0.0924791657007214,BUY
0.12816269544615014,0.21611709337374907,-0.1816239811961535,1.1770766312902243,-0.21662172161456653,-0.05993469099333471,SELL
0.14320090036546437,0.21392504579181915,0.10681752654084348,0.8522929132705761,-0.13275448022013892,0.18942746999242033,BUY
-0.0504610028993069,0.2292810552025158,-0.10945797584335724,0.4566800057651552,-0.12404235457560919,-0.2472699500104581,SELL
-0.04367118355651957,0.10937238156882227,-0.027106398557978195,0.5498276340391466,-0.239629323490686,-0.07817323599739999,SELL
0.1560169897171846,0.14892688545068705,-0.1340574623478506,0.821510088361142,-0.16511898228613353,0.006733940165974908,HOLD
-0.14161037556521558,0.1445681513315366,0.04873796983261139,0.8589160877070509,-0.06954000757265033,0.08976631246278306,BUY
0.0321601053185297,0.2253329784053693,0.12820770022846284,0.11915010198314896,-0.11697057344438216,-0.010748872377598768,HOLD
0.012286500138525364,0.1678077806445161,-0.04040499077463591,1.4431601193800643,-0.07366938931000565,0.2863038031343053,BUY
0.09154436935246091,0.18967563978320118,-0.12646254010688168,0.9058487462921888,-0.10428903571414966,-0.03800448033907941,HOLD
-0.09281290494769093,0.2561218234103925,-0.09807248813097101,0.9248215421727866,-0.26350406494259965,-0.2639485023002443,SELL
0.0839157592783038,0.24042055170928972,0.16815081333650767,0.39605958725534685,0.027682326997569465,0.14643123338210465,BUY
-0.01814309724379326,0.1686795297871127,-0.07955806922306642,1.170982050321747,-0.20419388677917,0.06056872437026278,BUY
0.06655017235937472,0.13310034321852443,0.1486161668550522,1.1321703281285798,0.0440177948946983,0.4,BUY
-0.13596674654452842,0.2594692312157232,-0.05096026693720501,0.23322116276666968,-0.1685742605775312,-0.3,SELL
0.01160451901457829,0.23417238266369061,-0.11507035054566686,0.9329921211638883,-0.21171662467217184,-0.16623991574428187,SELL
0.03278781289383023,0.06756202271932323,0.12728885183234395,1.0214712434618318,-0.010090019382448162,0.4,BUY
-0.07498575900075469,0.15807922427642035,0.010845263263843025,1.2697954444034283,-0.09218506879333069,0.21313328618376517,BUY
-0.10113172103730775,0.19158608234117336,-0.18592523692633714,0.3885276504847949,-0.17890085108204978,-0.3,SELL
-0.08403399394569451,0.2345180801984722,0.23197408870497938,1.3286887155289682,-0.09392893020566784,0.33297760972897106,BUY
-0.029550622677828195,0.243707104645784,-0.13351094971755167,0.7460735003906339,-0.21132564055841058,-0.18972453284953641,SELL
-0.11611644774325999,0.19987342008228315,-0.04096686059610888,0.2351330670279027,-0.1748444374341932,-0.2862399374282367,SELL
0.18156192850536154,0.2209673271951199,-0.026842414251931707,0.24786971011522632,-0.20406983837153825,-0.11408920872884148,SELL
-0.008252078476463948,0.18448957616647074,0.020243454666285965,0.3769262351424374,-0.1434619489562629,-0.09305704651091186,SELL
0.13313936087736214,0.13283038182736073,0.15344981005037678,0.49585098837943187,-0.0758170367110377,0.2825794089948322,BUY
0.1910459930880963,0.1617114926271122,-0.19725937414619296,0.7949681262437195,-0.19693839087227044,-0.1568577812875125,SELL
-0.1217426519990413,0.18132938306480756,0.21961242310123363,1.1482516768423838,0.0006710846750296873,0.3650092384546326,BUY
0.0780843137772479,0.1775724524986987,0.09069525709135501,0.3614162628272052,-0.0642298509537791,0.09309162468396592,BUY
0.15499318035942486,0.04800989668895703,0.22779199561702101,1.489712512299351,0.16102809906646673,0.4,BUY
0.07198205188835488,0.15217616655493982,0.16782529183741862,0.3261307044784376,-0.1346982338839923,0.14425321408107167,BUY
0.00015914247509443702,0.18393439571624062,0.21752719813744759,0.9391291548110063,0.00011729013594408838,0.38485306707824296,BUY
0.0008767251732783865,0.1603041005666009,0.07045024792105514,1.4005166102198758,-0.06768134924532088,0.33405665364074394,BUY
-0.13743538989742438,0.16272233431418898,-0.03921095770527133,1.2655103920275579,-0.07253426655202358,0.06716127946149476,BUY
0.037110262951246364,0.2141593959563211,-0.0006886715988783376,1.0070448823284237,-0.09294784599782355,0.07587501901041734,BUY
0.19774004887539656,0.10447299690659562,0.09611453967285083,1.101690195507258,-0.03248756978157589,0.4,BUY
0.1855476340901769,0.0660370450234152,-0.007880663105148678,0.28788787738751,-0.03414192801327081,0.12267995933383552,BUY
-0.1358602699052429,0.15562811464143275,0.1292527525605051,0.11352827526434753,-0.07887922840658183,-0.06530020181155975,SELL
0.09702895127032085,0.2334880083851253,-0.1586683927639867,0.7078082981045217,-0.1728761631689471,-0.23432914581286912,SELL
-0.04438229665607421,0.2981287127640647,0.17349399204319993,0.22532649687362427,-0.2034234334472939,-0.08917732302960292,SELL
0.16604620369214781,0.2347489767366318,-0.10811511216109813,0.6008535866779541,-0.14525410897395247,-0.11912907810310573,SELL
-0.1342098390017525,0.07722153680918067,0.22477642428612515,0.4132399109976326,0.04241897541713616,0.25877931875294846,BUY
0.1775559357038782,0.163734293243626,-0.13000439002822944,1.3828854113330398,-0.17459543384902182,0.08240191866472826,BUY
0.1431165103257219,0.19796440667570706,-0.14187611175392098,1.3320783986112805,-0.18715574867932894,0.08377571736311881,BUY
-0.10887346621158947,0.19243137818465145,0.16534424976432677,1.2465199879434117,-0.057280938734479196,0.2874679132550273,BUY
-0.1290614819389453,0.21775131870600117,0.16841582246635645,1.0995220177795826,0.001580725786966941,0.283006118704055,BUY
0.14214768251442753,0.11580657374774674,0.13244173894656125,0.31570070074563783,0.14516743449240208,0.2946193114132442,BUY
-0.09548481515889722,0.18454601612855198,0.2322387087571171,0.16771439667881222,0.04316141503323477,0.1339919795041821,BUY
0.03721435354155467,0.20942259808432903,-0.07825716709156279,1.0154430009965694,-0.18522271498171036,0.007472250708207152,HOLD
0.1705107002575483,0.23779696673125617,0.1719919325456294,0.9991613920451389,-0.04239231580623797,0.4,BUY
0.04860683974226315,0.12359972833710454,-0.04158176148046064,0.6171939986562733,-0.05712608329157278,0.07088256373890117,BUY
-0.01096834448451156,0.15583901929299712,0.0418293815062033,0.7617613330098358,-0.12302969509567796,0.09586815287609829,BUY
0.005755619198897277,0.009267237605133843,0.0005200133655979267,0.7848091435331851,-0.06839230207787522,0.20979449702519012,BUY
-0.12790899025364513,0.1364976622695558,-0.19736748979687677,0.4358993858451089,-0.1640096397263236,-0.3,SELL
0.18906331247655958,0.14329095749202697,0.05850798709262095,0.5398332566706202,-0.02218599952309607,0.21034603342710068,BUY
-0.041271035221621025,0.10862908442827897,0.13637764949377884,0.6857453765289021,-0.09121680423952727,0.20535523360038757,BUY
-0.08372277791450117,0.1915928505162856,-0.12145142739112795,0.9444506418762256,-0.19958117464894287,-0.12899511018212723,SELL
-0.049883444355861645,0.1760838197568312,0.21924513785186683,1.4381468884243493,0.010680348736168337,0.4,BUY
0.18753061821201758,0.02185502856956717,0.038679792738326724,0.8538784533266559,0.004445080617119395,0.4,BUY
-0.11699988127919755,0.19508555785112294,-0.11978929858200793,1.1236294733604821,-0.09415337311352719,-0.07323065760290277,SELL
0.15355606417541348,0.11501731084476807,0.09067640691259837,1.2298015433537746,-0.10330819644563866,0.4,BUY
0.09774536304050671,0.21399822714333605,-0.11363478116809521,0.25891136983197505,-0.05624460208076694,-0.20337431385205404,SELL
0.14050671270565981,0.09027041265899341,-0.17140999326709863,1.0143745345755173,-0.19962586708071448,0.035728740868775144,HOLD
0.19156413912876372,0.1821004576971658,0.108391859088659,0.7749550083561942,-0.1673617169242489,0.1969880382465245,BUY
0.14475412943090513,0.16017856697794458,-0.1501873025125275,0.901403319147049,-0.1591277001666431,-0.0790785762663707,SELL
0.18018382294724847,0.20121713194652313,-0.15220214823060413,0.15378371007666242,-0.238334084872456,-0.3,SELL
-0.10557266012317808,0.18872880943559428,0.132974603431816,1.3687020311663394,-0.061985227490874116,0.3484404253542616,BUY
0.1285259978084395,0.1621385077484982,-0.17515899505636798,1.43389780940563,-0.17103304661937943,0.10207682606428492,BUY
0.0409864929283667,0.07246093801690286,0.1643961305715796,0.10487469315845646,0.012493178813118568,0.22851232660046789,BUY
0.040223458277951235,0.07659544255772778,0.15826694139152242,0.39790822885811516,-0.024771040587866652,0.23944414388273086,BUY
0.16462255171217974,0.13912791426354465,-0.13637295736500532,0.3522718431925299,-0.11639312387514437,-0.1455977879273875,SELL
0.19013133652634892,0.1794204081249289,0.03327129127463599,1.193826324191792,-0.11021058410346142,0.30987920087136694,BUY
0.09669341306511331,0.1374226436960618,-0.15651852906397595,0.9373120827565483,-0.08987775430548928,0.039821424768096914,HOLD
0.019028436315124353,0.22376483514056258,0.08465704890369424,0.3482671286154244,-0.10941469414927518,0.03458128769970889,HOLD
0.009741350265645876,0.16045453565518214,-0.17168149416325407,1.2395593374464047,-0.2131776902017404,-0.03944340053237097,HOLD
-0.014780489971886385,0.11244910926543426,0.22501638534523627,0.5948648205280478,-0.061848439013335324,0.32865789941465595,BUY
-0.02344033964956807,0.16053325949084635,-0.10652116908368826,0.7451996268103432,-0.14753389490040167,-0.08046179275893789,SELL
-0.012972605410449006,0.19581018854215865,0.10730259517689028,0.6422292474489035,-0.13802530362267018,0.08031224884112118,BUY
-0.11858636766208165,0.20274193031772092,-0.14226885903030048,0.8299322890177212,-0.24605079450299164,-0.28984195214843467,SELL
-0.12289737015884662,0.3114865392395191,-0.10568159825295059,0.7721994563602155,-0.20279169738754235,-0.3,SELL
0.12295444535530911,0.13317634619976063,0.0029273419975167914,0.4844176037274197,-0.16761837397901924,0.0028990636965260524,HOLD
0.0061255125220791296,0.17485649368867195,0.0578932636036823,0.6943784524913763,-0.011146921855084632,0.13075182277545086,BUY
0.17573957099061718,0.20982867627735985,0.2494884581762573,1.3716720097960202,-0.01811600327613598,0.4,BUY
0.06427735300788334,0.17836039285594293,-0.18833319735907514,0.804051791070943,-0.1845416462084439,-0.15042679052686617,SELL
-0.1376884062354531,0.14495672978079427,-0.19985851116016087,1.3829409745913257,-0.2186557393600702,-0.11654359652974713,SELL
-0.09486683053888217,0.07155199765590294,-0.042334807378273415,0.8701778669451504,-0.021646506727704226,0.128153513344148,BUY
-0.07796307244544735,0.1442415808662889,-0.03522963448891106,1.1763442105698223,-0.10078204899520753,0.049187085038924404,HOLD
0.19150760853638119,0.10484083110975392,0.19772675624438424,0.511027833523598,-0.018118628305138752,0.4,BUY
-0.0734535208469278,0.05913753232133549,0.2106621464637859,1.2065788860621711,0.058773574025292506,0.4,BUY
0.03051448670081794,0.12430248108305894,0.1962362393616935,0.47005025817897983,-0.08022626567712698,0.21930289675071007,BUY
0.17766192607406864,0.10670357954634817,-0.1355695622812785,0.1273699603001622,-0.20001632921777723,-0.2218710056549042,SELL
0.19201745547002505,0.22086505817050636,-0.01455282416851697,0.3250205204487703,-0.1943494688347645,-0.039381919780265666,HOLD
-0.0672738476157594,0.22207642861900057,0.13564832303276042,0.13031402504485157,-0.06151016457781047,-0.04014113368393616,HOLD
-0.13280882468748595,0.11672844972933875,-0.059325019497091375,1.425887698648,-0.09392999372674637,0.1292283572229074,BUY
-0.09623935861178452,0.1617839958605815,0.09845711282974806,1.499967828584772,-0.005238589106662035,0.35456995452290746,BUY
-0.12783503245410466,0.04992301365212251,-0.0932857115640086,1.167122369067329,-0.11326758542530578,0.023642579216753647,HOLD
-0.08170651561768226,0.1453962034872114,-0.054461333917636384,0.2513794292522227,-0.0802888636353143,-0.1614462561927422,SELL
0.04899940014630738,0.2079287330491642,0.18719334220681771,1.3585236444657094,-0.055573430566535485,0.4,BUY
0.16935707870347463,0.2377456522729872,-0.08727093375995221,1.1412866565725461,-0.22470802460481962,0.07729810087387687,BUY
0.03802660929301899,0.130086704281608,0.23394583909818834,0.565142321562923,0.03479169660595648,0.39832469764963985,BUY
0.06909634484467825,0.25362984023692636,-0.06218319757841889,0.8031890765325049,-0.18035177608578498,-0.16454814121664388,SELL
-0.07934646193666062,0.07390156549405696,-0.1894123505795252,1.0264630777667565,-0.1515618392355142,-0.1392034345208459,SELL
0.13020426723584752,0.09266605405993451,-0.0852945932888433,0.13367066594257973,-0.08761751539429344,-0.08812521359202259,SELL
0.06622611797695413,0.22967633059465134,-0.12295777599045841,0.8021572769398532,-0.19346542804984376,-0.1587317665781453,SELL
0.15244789021745367,0.29697848599942733,0.028072134797897386,1.1253536065569791,-0.17464264110637256,0.12109200949447084,BUY
0.18209508745202443,0.21454023917285867,-0.149277770152463,0.3635155206548659,-0.20906490906024036,-0.27008306433037416,SELL
-0.028234728485192706,0.17717603294261913,0.08172199476043435,0.7213068028710662,-0.13886424880607962,0.1147723337480265,BUY
-0.11829732951259622,0.02633713774344537,0.1937045817504226,0.8455421808589065,0.06541782084884544,0.4,BUY
-0.07092486472912614,0.03842870607695642,-0.03686650318831894,1.1297915207429252,-0.07793954360757216,0.19746573358131161,BUY
0.0032445479865430282,0.1890586675827108,-0.12417827631256802,1.4502351951103505,-0.21412295445685708,0.010686876991800404,HOLD
0.18099277813856565,0.15493561313001777,-0.019988751897014156,1.287585767206008,-0.11299186084194668,0.2957291066105315,BUY
-0.01759156216930466,0.10259153724935173,0.15368506965278217,0.9701257883219302,0.03662043272011075,0.3610089215530144,BUY
0.1197706247828795,0.18458728065810354,0.06616945333581803,0.9170969447687329,-0.07500391167598584,0.23732818251346763,BUY
0.039166842259764245,0.18805919572554666,-0.1544855540025786,0.9444613703017389,-0.20118684945423887,-0.20542281702206416,SELL
-0.08601693034915821,0.24610911079781908,0.04173421944716499,0.8632500997236833,-0.15953908159321833,-0.06625437856469307,SELL
-0.03774305836629194,0.18956215981088906,0.010638421655016939,0.18310803236249298,-0.07769126411508825,-0.15511203455882264,SELL
0.07861715975798653,0.2659876057834069,-0.05279948479047736,1.077614952423487,-0.3005491458585971,0.01528428666548902,HOLD
0.0854986881397127,0.18055958206841694,-0.15042773177600452,1.1028715201814443,-0.12863859249147794,-0.06114186329616293,SELL
0.002165911383166158,0.17192655036348647,0.2415003710291237,0.8174725071738383,-0.10025657055295935,0.31136480087353485,BUY
-0.06997403906825987,0.25450185303730277,-0.12078050604803499,1.3185426475635602,-0.2717837096577447,-0.1243483297874601,SELL
0.10266737282943669,0.11150913839709957,-0.11326569914416455,1.0414115238593498,-0.13792505425908685,0.13301789121568447,BUY
-0.09089443543554983,0.3770113217286313,-0.13448778855399388,0.6077305209998237,-0.17149570131223407,-0.3,SELL
0.1778343921527943,0.2062680234716715,0.056586867414522124,0.12757209503808795,-0.01725509911648071,0.060298791934076626,BUY
-0.08423374733723316,0.2066580476986371,-0.0003486914827848242,0.1828263050967521,-0.0888099174224394,-0.21597029604307977,SELL
-0.11244067300861785,0.21675671817808184,-0.08769926808804983,0.5925175662985008,-0.14730661922729654,-0.2573255874455753,SELL
0.024176695827882566,0.311399553273215,-0.006759477640312345,0.746947455278156,-0.2826573714206777,-0.15750391685507667,SELL
0.03184235933839291,0.23547551881708245,0.10308483297777304,0.33361956731179504,-0.0922134699551053,-0.011342746380099855,HOLD
0.027867520172385668,0.06764608146972532,-0.07323476082561642,0.36505962899168487,-0.09734262914008032,-0.0427034117740909,HOLD
0.0028336212685938222,0.2782429269337253,0.21186059921367117,0.42229590229107083,-0.1230349831559028,0.05032167241158372,BUY
0.1981852124903629,0.15613723943884877,-0.0621441932700324,1.1927186754067818,-0.11079986647258924,0.24854358438184482,BUY
0.020198214434703654,0.18750085509875264,-0.11081943612971604,1.1798029773324799,-0.18038378798347293,-0.005936689196749121,HOLD
0.01728130325894084,0.09045222194773134,0.2295555310927665,0.6361145795792903,0.08101585656691032,0.4,BUY
-0.0023818780499035574,0.2168341412686727,0.1647522745531807,0.34131013421815415,-0.16099731332056472,-0.004588863581492249,HOLD
-0.126610985854488,0.13440379969527133,-0.0455880688204405,0.2552717390888569,-0.09512693622803989,-0.23857092040073744,SELL
0.05753482090236561,0.18701187465954316,0.1786443330147442,0.2219810368660425,-0.08470425276553038,0.15948632130252074,BUY
-0.07021127972188615,0.1601130696247452,0.033466412119210004,0.6477909512591209,-0.10316306837294781,0.006440252260385566,HOLD
0.07316314308016744,0.31475089612150964,-0.04396137578252174,0.16375940664956717,-0.1912037670119524,-0.29877858952305475,SELL
-0.132208288318033,0.31875822101019124,0.17782521529264644,0.567089051976869,-0.1759902396195595,-0.06519565606397656,SELL
0.19348548543855057,0.1832559219150319,0.1384742800889982,1.4461465395575923,-0.046352234147796614,0.4,BUY
0.01415177765443526,0.18447843979581982,-0.06595632081060238,0.8105064618540541,-0.14768650246219606,-0.09009514433519879,SELL
0.16386438005674445,0.15385899235553394,0.07300533186608821,1.2517025195692646,-0.09614260592572951,0.3932737529254765,BUY
0.01644641063152716,0.257420440405195,-0.033774399416091255,0.28097232425355867,-0.1914906483100995,-0.2369321852054252,SELL
-0.1288842134990224,0.15697560907666358,-0.19952661234782534,0.4753102953735867,-0.1817236049444746,-0.3,SELL
0.13777474113283242,0.15050639077480105,0.2328170836301257,1.4251650223616124,-0.03556882664099094,0.4,BUY
0.076864305383497,0.2485015004565475,0.04733308423277652,0.636972655707633,-0.1298129428145373,0.02004087972619819,HOLD
0.12361496665088081,0.14231906332783453,0.06929467074960244,1.0077685798276512,-0.07158240078016354,0.3261225321654463,BUY
-0.00014054777189434486,0.17735714758860285,0.06995114155478271,1.4665774908276252,-0.10899795878459666,0.3211024631293667,BUY
0.0732778604863257,0.06930824529423049,0.04778865736873125,0.8711028588630296,0.0570226274661034,0.32708951882064585,BUY
0.1496801513288126,0.2292933241586217,-0.06947846985188294,0.5274843289202302,-0.14460538630784514,-0.033954098570956145,HOLD
0.07087290500516061,0.31586068574273085,0.23720925620862532,0.8447278383328871,-0.1137683205933361,0.24249081949647638,BUY
-0.028314227807433853,0.23048577609598542,0.07975078563187821,0.17649207906320302,-0.09909812986360451,-0.06986510197316669,SELL
0.08188535802816993,0.2823259417283114,0.10191461224928267,0.25731782372976764,-0.17997072697594915,-0.10186244014080015,SELL
0.08514896601492355,0.12077285046758682,0.00465674079267242,0.1100395470731779,-0.09243959430241228,-0.03350531227001875,HOLD
0.18620543687731875,0.19654269974197405,-0.07046236977914785,1.337894058191006,-0.16211444027875596,0.21148983265947757,BUY
-0.02018068746041579,0.11397880529414271,-0.1710429580212818,1.0397926004594338,-0.1991441618804925,-0.11148826179122928,SELL
-0.001221381370054092,0.164056411809306,-0.0423964115444512,0.5176616711858474,-0.0960247093036432,-0.11209181100474926,SELL
0.13424303641547072,0.23405480341467533,-0.12075615682922355,0.40962598689022645,-0.2140159799111359,-0.29483859908012866,SELL
0.027016810159959437,0.1871274429172309,0.09793972071565532,1.0563072416208918,-0.09087391083644661,0.23703760842126148,BUY
0.10780058259050654,0.08111512841791448,0.19555174816122373,1.3873448906993955,0.0011156292575730462,0.4,BUY
0.010898312558757228,0.08794796261235724,-0.06376031378945649,0.518794727472955,0.06968162644895805,0.017818627651398897,HOLD
-0.07457670036555483,0.08331852479564582,-0.05020281856367906,0.5501827531414945,-0.10320299981155975,-0.05528243886788413,SELL
0.1108213449733538,0.2144016812957713,0.10166402672305525,1.2959370152712821,-0.19140924578253207,0.26575188176785475,BUY
-0.10409569078535152,0.3244726174959668,-0.13282785459144364,1.3507261422372532,-0.3278113108820993,-0.24713339251070932,SELL
-0.08049571776404217,0.2753720770800149,0.21824684200496458,1.37965119356169,-0.03995937831125133,0.3528054698704397,BUY
0.069388743974473,0.04728103605977549,-0.03626894853853263,0.5104158912093727,0.023946433532878147,0.1230442483630423,BUY
0.11154443006722439,0.27947531566488487,-0.1544602493329514,0.2684375946348885,-0.2635591487007542,-0.3,SELL
0.16314076040373524,0.2455480291910253,-0.12139219778571132,0.7159966007979588,-0.1319382131471265,-0.13110571487473632,SELL
-0.05459472590443791,0.07182900381298694,0.21973573420335613,0.5140708111976534,0.0818763913856775,0.34885607716644157,BUY
-0.11124650948980597,0.15877588683026517,-0.08879632023394102,1.33741333353657,-0.14025806674103994,0.002746061384366335,HOLD
0.1846163308329202,0.25668656880470664,0.09802096172407887,0.15128891852496282,-0.1278258707817192,-0.034898303315611716,HOLD
-0.09595191919225014,0.21853034576543495,-0.1297256494077807,0.9874326574907811,-0.1739649559015906,-0.1463365133619134,SELL
-0.08081655621087616,0.08836334633284099,-0.11265423844305003,1.3686539120473595,-0.05420691206924255,0.1183217747216003,BUY
-0.04803469125453699,0.22275195090573358,0.19565719850498992,1.4673385135284924,-0.03552356286169306,0.3841392718841701,BUY
0.0352869739092006,0.03037495827435885,-0.13338505095384717,1.0101828390172605,-0.10541941043608896,0.06845687884070979,BUY
0.1589889481119273,0.1644024476969952,-0.1915622359686744,1.429892139831332,-0.18397671535698243,0.09841736323260725,BUY
0.11619110795545343,0.2596569738580034,0.025554935286824315,0.2059232476750942,-0.04650903746397611,-0.09166329539612258,SELL
0.09785514384492228,0.18128759508999237,0.18822706596832062,0.6029896843947357,-0.02092104080185757,0.354924190658445,BUY
-0.08868680125039871,0.14507437150266378,-0.05330402956296887,0.11220057625742717,-0.06489996338265505,-0.2577260838908799,SELL
-0.024811078965909006,0.24225423776406443,-0.14232697820943027,1.4736572810671458,-0.17528908457974915,-0.009927527737350455,HOLD
0.01744172413033729,0.2482326270560607,0.242003873304537,1.363817070273379,-0.038470139711936475,0.4,BUY
-0.09840091628004495,0.2717027785006865,0.104532383270236,0.1392735787474819,-0.11577376879156406,-0.15356290424648747,SELL
-0.05429960425566463,0.2412039699912471,0.18281078437667037,0.12538571064367238,-0.026728536977831147,-0.023153371829436824,HOLD
-0.04208337861650452,0.2556962355756003,0.13846222254801566,0.6137572917489126,-0.06210074056061972,0.061150411363952814,BUY
-0.10545333058483626,0.23130359902062742,0.11420902329513555,0.4619531535072625,-0.0799038761937448,0.02247208805366275,HOLD
0.04258389216789016,0.19858700543815302,-0.026946169791085883,1.2857051881395032,-0.16461879745672056,0.11360914122443994,BUY
0.09675986878346751,0.186265629983467,-0.0540470030583623,0.3246781645806072,-0.1141002389360015,-0.08618936106348031,SELL
-0.12552392898309858,0.16339181966318184,0.12263136815251335,1.2069092477812002,-0.05233294136030793,0.2641275906623692,BUY
0.0183930856171024,0.09513421948581918,0.12252085367975357,0.8762435799869285,-0.02348498578684387,0.3373272008765415,BUY
0.12377391834372822,0.11312819438261337,0.22776477282209195,0.6283484799669828,0.15716779124757216,0.4,BUY
0.11179654513335638,0.1602589862645353,0.05589691803174501,0.30400766642673027,-0.15074918993141456,0.0035267174274164342,HOLD
0.13527558367656392,0.19690165117217004,-0.06742050239554692,1.4967678283435395,-0.09718354870864664,0.21691880912909284,BUY
0.006884221609712443,0.28085688186029845,0.02028795969871483,0.9651805692901513,-0.20353249244938465,-0.001653506804855237,HOLD
0.13719497892395124,0.1770741940487141,0.07617121752666361,0.7151351255951919,-0.0692162549513932,0.21479143074173318,BUY
-0.06573642507500568,0.2502433403614365,-0.0079715901903894,0.6195785791738243,-0.0249052643385084,-0.06190199709235779,SELL
-0.023716303503869635,0.2555520959502484,0.15600990551179672,1.3680195228831975,-0.13904574510663348,0.2947077369704978,BUY
-0.08827554825376954,0.16379872416178462,0.06307594549712697,1.2496685314670655,-0.10924248903958317,0.18405923909635366,BUY
0.013619588800000137,0.22162831479591288,-0.19575392256755728,1.2356601037155133,-0.21215424476215064,-0.13393282433789103,SELL
-0.012778992154594881,0.16295303707925968,0.05642794970440379,0.9626778621473498,-0.11756149024736237,0.12881866111943255,BUY
-0.06567550925499073,0.27254951258549337,0.08512170367383742,1.3431392157741224,-0.08527820853474599,0.2373564650447571,BUY
0.11312324823077355,0.22450903367861524,0.2118675631948318,0.5189897209708986,-0.07668486673240117,0.25642660915676563,BUY
-0.040153629760923695,0.09666613717181512,-0.013825246851115164,1.085188589228605,-0.030829299036068278,0.18234249014405418,BUY
-0.0545184844489575,0.19130672565076925,0.05851044667211125,0.6662268393486495,-0.1578393133116205,0.0192697286478345,HOLD
-0.10418838420232673,0.29536785132767157,0.01374885282146826,0.9399983319835689,-0.2620627447757269,-0.13363149597351567,SELL
0.0035875956306820334,0.1673138275817309,0.039245392810998425,1.49741420085777,-0.09613938837229165,0.26680898125235186,BUY
-0.04396237990694429,0.21134005210665477,-0.1697131681989516,1.4783346929454457,-0.2731146904454533,-0.12400510578900827,SELL
-0.020754505530660994,0.21821151864174015,0.2037776503898957,0.8176666230544275,0.0264975946091867,0.3477913075729461,BUY
-0.06740095808280658,0.10743639705847795,0.20968555292423152,0.9034088330307544,-0.05707779159014405,0.3702332555621033,BUY
0.11710442143696512,0.21574955644494598,0.0466268244291847,1.3562504767922214,-0.1626833384788286,0.22870163674859278,BUY
0.17550117157415104,0.08243153935757619,0.05044998207442547,1.4798899975193969,-0.008597936511045012,0.4,BUY
0.024276148476110676,0.13620631255190227,-0.17409978382522048,1.1900509236765118,-0.18068189856432984,-0.05342253832142385,SELL
0.07504944816929138,0.25530060772459345,0.06907773090389052,0.19125824114208298,-0.20146867076658004,-0.1459094018093599,SELL
0.1535102968123471,0.20497294032158506,-0.006881694554376899,0.5516956280814095,-0.02373823401110381,0.03916318201474348,HOLD
0.19959037306678049,0.1586865534577431,0.11906963360549677,1.3551872758884311,-0.09766576879042585,0.4,BUY
0.06473076965544122,0.2112522714871631,-0.17879378753199243,1.1756935081906728,-0.2080817682799223,-0.15501368327777648,SELL
0.16142281328895405,0.17579354265714078,0.11989945722827039,1.139126299434198,-0.06797596870827782,0.38272214576452,BUY
0.16801288629447467,0.1808804951646283,-0.07089777927545876,1.0350925226553975,-0.10137195121063161,0.13447158468307238,BUY
0.1270080207326678,0.22597729687040963,0.09326739870389861,0.6813693894853369,-0.07516179560713339,0.22152466449709057,BUY
0.011325986875588556,0.12908425815386076,0.08220668889045535,0.6645378484825823,-0.08590793122268461,0.17519934709475288,BUY
-0.12159609985163523,0.18282354838882833,-0.09792133191549537,1.2325054826271216,-0.1651540226716605,-0.07492820193431614,SELL
-0.14446805559595316,0.15814122637753428,-0.0017964446526799738,0.5112924084710992,-0.10694943536468333,-0.06955593956062277,SELL
0.017020221649023615,0.0690077637779821,0.17603496657399603,1.0587646217813629,0.06645730327273726,0.4,BUY
0.023010086737116214,0.115568097062549,0.07251623961764825,1.1166919327935392,-0.09875045813340017,0.3019634976654247,BUY
-0.00742316424795969,0.28977445129446827,-0.16906776410971486,1.2823783851061403,-0.1405862485827778,-0.11010084590298863,SELL
0.04885857295197757,0.20693063202096637,-0.000691025905626641,0.547839826989822,-0.16239395894780267,-0.0803370918053065,SELL
0.04325694615654946,0.08734881890190274,-0.05970284354993735,1.138644973573483,-0.07672789859894624,0.20858903464170203,BUY
0.14281456436144255,0.07217519369061123,0.08874055551023474,0.2490858566101616,-0.06580836599493493,0.16084212039401044,BUY
-0.11197001385820815,0.1721485269922591,0.07655377358286736,0.2932864205326666,-0.13757555734423937,-0.07298388129607215,SELL
-0.07118781686305908,0.28928305732235376,-0.19532085432043678,0.6842704562427621,-0.2954195965754682,-0.3,SELL
0.12755174263587063,0.1669269305636953,0.0734629792383083,0.17731608689734618,-0.11929712752610663,0.03474062122955285,HOLD
0.1467429035282791,0.27148996873828113,0.1306823442932215,1.4267776500514737,-0.13133389473342158,0.3776757277461315,BUY
0.1981884747673037,0.20463515395730603,0.14592851458070893,1.3626541347131047,-0.11335793798028708,0.4,BUY
0.15551920573547942,0.21298753204921256,-0.1734609033245175,0.1685071737361804,-0.16239925949462403,-0.3,SELL
0.16146465247531586,0.08649956434868013,-0.06335371230055897,1.2736364106491902,-0.1163904182953504,0.31302728530426005,BUY
-0.039978220079533305,0.24562660452248303,-0.010426897751814268,0.8124238437260354,-0.1962374964868113,-0.07216370514248704,SELL
-0.009418428096718279,0.15655475739084748,-0.1191027314922897,1.08274804372297,-0.1612223902372878,-0.033430176334654234,HOLD
-0.05617021331280714,0.24041647175276357,-0.010669757975745597,1.3417036370174622,-0.09887584230714166,0.1378642342793068,BUY
0.06220478936745047,0.12300810126097209,-0.16799170887848347,0.907764281908778,-0.13025773562745668,-0.03165148734776885,HOLD
0.17858187397246342,0.19239345432569388,-0.1490522226468268,0.2628579403984812,-0.18004143814852056,-0.22263434307324872,SELL
-0.029375689720933795,0.20464020677563421,0.10091264327953875,0.10361005468122075,-0.15407130525199897,-0.1749640847780099,SELL
0.04495062365850758,0.16921766783968933,-0.08184239247793026,0.7956901451520251,-0.1914029806881712,-0.09308589257157324,SELL
-0.04629512934128023,0.20831816351603097,0.1201326313658076,1.4289249849741041,-0.14085834256527674,0.34949904882614674,BUY
-0.09057000917955238,0.16135220473652437,-0.17835116239249943,0.9016706202584742,-0.10280922661529704,-0.21602696706111446,SELL
-0.08168506456347052,0.13456581728711042,0.05321637386957628,0.6221147933235208,-0.032924784667853355,0.10384183624082464,BUY
-0.12971912941165453,0.2923838367955775,-0.023848101385921888,0.1432908239132787,-0.22805056807792495,-0.3,SELL
0.18225273305324005,0.25342670064530093,0.15863712636195937,1.3809711841894805,-0.11681975203367957,0.4,BUY
-0.00899213702232965,0.1267394678466276,0.15277821109250284,0.5580193252012591,-0.056196905082842113,0.15599739302575844,BUY
0.14194231220073786,0.2197911013916229,-0.03099816089412133,1.0866883618411345,-0.18856698601165772,0.08679035074227245,BUY
0.08846531544139188,0.12801248017091926,0.08022130633947144,1.0719320829560508,-0.021703914005953947,0.4,BUY
-0.08282759350612011,0.09707207494363729,-0.09760300903123036,0.455436425916247,-0.11166125961789018,-0.18957584769640998,SELL
-0.08858821369731926,0.25236666089792836,0.061183076281189075,0.18928850904501546,-0.022888378811408205,-0.16011192242948497,SELL
0.13419587052869067,0.06071302620468158,-0.16343088772361491,0.6390005301405809,-0.03928217958640501,-0.0220383669751918,HOLD
-0.05735090128316192,0.24487991395035788,-0.004428072146625467,0.5439834193720798,-0.0832251602055288,-0.07760217850078885,SELL
0.1696498142956915,0.1623094381198859,-0.11777254330785089,1.080358958421256,-0.11092683144766557,0.09197208656587595,BUY
-0.10098060835867828,0.165191737784363,0.1975215319411852,1.2476954939237748,-0.04123938341950317,0.37919585268563155,BUY
0.08719801505906433,0.20868258537363027,0.00020536808507429227,0.4114235843483445,-0.09523785976366923,0.0038315483771527506,HOLD
0.13506585661082685,0.22068391683959765,0.0658481868868907,0.8395234976870192,-0.12351271007543521,0.19099572166554105,BUY
-0.06766026405452424,0.12215597762197641,-0.03782816285149532,0.15685168634342633,-0.006911049177365833,-0.16769346188905285,SELL
-0.05332742279020189,0.23024079261250444,-0.07006653414208872,0.3999581521068466,-0.14595712007184208,-0.28996756047035155,SELL
0.18758161014872057,0.18793593766176564,-0.1086860976223099,1.1664662474509162,-0.14311798371583256,0.14490288013680575,BUY
-0.0573908381288446,0.09207616449923732,0.2103422122001588,1.2107576486847014,0.03524481930199659,0.4,BUY
0.0004849674650167224,0.16810878614941824,0.1597596020921287,1.1869662488325246,0.05005189051524345,0.39215937338172546,BUY
0.001380457634828136,0.2766895310891248,-0.1400324850060361,0.29934309498357814,-0.2937142293477286,-0.3,SELL
-0.06143783752461075,0.29736163587719877,0.13602619433130925,0.8714486184557841,-0.03209211241035925,0.10038678985660843,BUY
0.12152688025298167,0.2302143920326074,-0.011661150333506065,0.6917917802207361,-0.15210078572567376,-0.030946162314211205,HOLD
0.12014727013020429,0.09667595582821407,-0.19307150526774358,1.4880808155131267,-0.20554162439480844,0.04533291442374968,HOLD
-0.017588695021675038,0.21434248317191218,0.03776529416929991,1.0156978166816706,-0.15110985881758013,0.05946035544888131,BUY
0.1422940268782568,0.2395602632701435,-0.14147910196181027,1.4092829279540207,-0.28286816188298936,-0.02226833624793712,HOLD
-0.07542377296034916,0.23079955883231054,-0.1055295591078824,0.3034904270118126,-0.14800872166325726,-0.3,SELL
-0.14849297851631246,0.23494680020815428,0.11321843264084186,0.7312225823403207,-0.1475953545858818,0.05516529065568597,BUY
0.04990857671950935,0.20542841554732716,-0.08428608328646177,1.180250640148216,-0.14853809933274598,0.03625995786523336,HOLD
0.19792722035833246,0.17493113628186194,0.20134969082881748,0.6150008192425637,0.03229204607070223,0.4,BUY
-0.13647449156059038,0.1374142752867187,0.09572639129087646,0.9855118946151052,-0.07775885508398749,0.1951073561398286,BUY
-0.0772006742020388,0.047144513704895225,0.1745275682098641,0.8163830413231249,0.028119134409788894,0.37725200383653257,BUY
0.031620124870479466,0.20377492366993455,0.07683529224858282,1.4887011729051893,-0.15669916779832838,0.32841984357363324,BUY
0.1334792577557047,0.1930236990556532,0.1909823159599071,0.343421556091688,-0.05883914849698895,0.2368727134483527,BUY
-0.11883529822373137,0.21903030899773712,-0.037241896240032435,1.409488173462179,-0.01761376263098663,0.12650152607067022,BUY
-0.011667871184387002,0.08637194146949739,0.04711325959851087,0.6621993353246154,0.005918797163228011,0.2650508173435503,BUY
0.1114765302204602,0.22515116825205422,0.0321506801999501,0.7551901529282122,-0.1354669498159327,0.1115031460624007,BUY
-0.01995987705777344,0.32381815662345437,0.2067058186350867,0.8400426371659705,-0.1421929683291237,0.12548117827270386,BUY
-0.08390725283352636,0.18549150915445378,-0.12578806612612392,0.4715131692070118,-0.16374180172594352,-0.2789935228902209,SELL
-0.08157646041119443,0.17568342765554212,0.060127343434011604,1.4491204196551102,-0.07485658161003865,0.2562159246413857,BUY
-0.006482924579752025,0.20163016492599906,0.13949403740214117,1.3760820873287052,-0.08613396935203084,0.38534412263831064,BUY
0.017795976182061884,0.32226359172972363,-0.03347760775985284,1.4620671402959078,-0.18024623835321885,0.01993498341254963,HOLD
0.1516350462356049,0.10834465668100762,0.1904116860771894,1.495687401093332,-0.03651449408074925,0.4,BUY
0.07478834649879773,0.19422448533757333,-0.032143354815019676,1.0377201332533608,-0.17731141687776525,0.08389895226302575,BUY
0.0916406840804255,0.1240239804391649,-0.12201105804683776,0.7323596941280425,-0.1047090386297238,0.006635418772209682,HOLD
0.19404551003756745,0.14170966954085035,0.0628217599322643,1.2910274620948268,-0.11832918542982437,0.4,BUY
-0.005854795894659204,0.17652867844826423,-0.010744395483209379,0.13332682897087397,-0.07376410261911528,-0.12888957745749707,SELL
-0.0088259588628051,0.2743126269129491,-0.19316445289309797,1.2681656625989048,-0.24256738792485533,-0.18616245873960074,SELL
0.17317143870403426,0.30606934204821157,-0.16857263337792355,0.7962004338954093,-0.34246611951595707,-0.2704378170880427,SELL
-0.06394354454822948,0.21136995012386944,-0.1121252689070345,1.0425080379167848,-0.16619712135908812,-0.12746935704873633,SELL
0.10543533620600334,0.153638369388356,0.14619848178316852,0.6236644858795106,-0.11796096014919592,0.26829760430347854,BUY
0.11410059837634709,0.3544917206646963,0.20141778221518675,0.6160724154135422,-0.09745981902996001,0.19340651324615718,BUY
-0.11577420089409492,0.15007118630693358,0.04553839330640011,0.1444040139352428,-0.08426307092412991,-0.13557919963570908,SELL
0.013880991992754388,0.14002048599481837,-0.15249554186864445,0.6933052026006186,-0.05245629751900782,-0.10842681307525348,SELL
-0.07980313503745609,0.0557539868794891,0.040488528508830696,0.671695873587062,0.03630866149446918,0.22350643085955219,BUY
-0.08511865451913002,0.27772640984713204,0.18502245726862526,0.41470754261529974,-0.14566148831242035,-0.00025650663294025965,HOLD
0.012339838662006664,0.2477771914659906,0.13726493310516535,0.4462525829556744,-0.19479733482959907,0.012647753333491777,HOLD
-0.04869960237217727,0.3492463875281512,-0.06900582633618127,0.9177954126195162,-0.2749052258909319,-0.23901107497626903,SELL
0.1286211566690548,0.08273336534473118,-0.144249225820239,0.5448800195553043,-0.16840263967645286,-0.08578457090889857,SELL
0.16766171198666882,0.28207195652353767,0.20530676489300936,1.2623526726242056,0.004166436386935854,0.4,BUY
0.13095221185092795,0.18490948628562892,0.18433993598449494,0.25593914959989306,-0.03772545034158695,0.22110964823832768,BUY
-0.05688919458241716,0.23642701517600956,-0.17582808568464842,0.908702925205061,-0.16551650317030675,-0.24557885603614077,SELL
-0.054052962208987074,0.06465560012268701,0.17065352042105392,0.32406261799474323,0.015216502467280063,0.2807224964080207,BUY
-0.0608450774588864,0.2827657275865708,-0.15625431299677722,0.8395368776889222,-0.24114453616468565,-0.2952825524076161,SELL
-0.10273666638031737,0.23505617259322814,-0.17152236496908335,0.8735642417304461,-0.21127400066901564,-0.3,SELL
0.1803294288362989,0.17727629756496477,0.14137040371581677,0.9992167611360208,0.005509348876970181,0.4,BUY
-0.009283270645025737,0.2251578881362785,0.04133977986623111,0.6983949261820511,-0.10297758315154473,0.03117712426421146,HOLD
-0.07135868390894419,0.12641532892704255,-0.01345338915935651,0.8132645591809561,-0.1340972451938014,0.056121993737523135,BUY
0.1463348676778852,0.13943919400928104,0.20673798818920985,0.3533336625138106,0.0801573857744362,0.3546803164828482,BUY
-0.010281644069773332,0.14755887704622225,0.1776866074304892,0.7482214896308614,-0.03210145820485332,0.30308384307536274,BUY
-0.13770911611161668,0.05030904968168051,-0.17406943780382453,0.6222425447320067,-0.12258921112437055,-0.20935068639226187,SELL
-0.09332045041262908,0.2403230945942357,0.07723925887352756,1.0325835465161737,-0.25477341831958217,0.028579102212077066,HOLD
0.07373761912465948,0.26341155299277963,0.1475203314433562,0.7087504128950805,-0.06731881966025846,0.1629474723808758,BUY
0.12401684596010334,0.13090590951653108,0.047720760898728426,1.1910783113723082,-0.054404609367333115,0.3743488318067324,BUY
-0.07617296402895048,0.20437421111613732,0.24235247458428472,0.6963889380031689,-0.02068725400587339,0.29273180486436046,BUY
0.17108845624314975,0.16141216677595344,0.10872137709139673,0.4300796421635421,-0.07349998278455426,0.2348196025992425,BUY
0.14784899201825755,0.20297917734567214,-0.15313564428633863,0.4831642065420184,-0.21180265612857788,-0.21868956147047644,SELL
0.14693326392137832,0.13606959311522795,-0.11076589460002095,0.1633993151282912,-0.14442713505066665,-0.18916374789367055,SELL
-0.07031859862027506,0.11816023907386547,0.1718105295397579,0.8558863348412741,0.020986111927947845,0.3603910727711293,BUY
-0.1323124039724798,0.253645242021662,0.248540502914935,1.2632332374604505,-0.020815055395355657,0.3606812795895713,BUY
0.15359823881890425,0.17552905904128552,-0.15574732990742465,1.1767563895445983,-0.17916794680647108,0.060831379682067206,BUY
-0.042969919941501414,0.32154762655974334,-0.15485180696972822,0.7129052528738599,-0.20742242400789937,-0.3,SELL
0.06662073341073405,0.1832416975355898,0.14352417436447756,0.3745684972023171,-0.056484057826436736,0.18745497853685067,BUY
0.11598840929525553,0.11517453717546552,-0.1710405732275572,1.308878220616434,-0.16273227250248495,0.09480074743778479,BUY
-0.10509735952110794,0.26588586135051573,-0.16914794777081865,0.17949344766309577,-0.21726991717326866,-0.3,SELL
0.12329342408166674,0.22415601149022138,0.19996741735434814,0.6589118152834915,-0.12247596087708656,0.27432334201770575,BUY
0.17847901063637303,0.23088110045874966,0.1602024155433029,1.2992611993375316,-0.0628117786039662,0.4,BUY
0.10493123801124313,0.2633420475207543,0.196703439938972,0.650447362365875,-0.15643295781318237,0.18844271316444383,BUY
0.0044279619681953375,0.13430425943079438,0.09273103095973917,0.26502565905974385,-0.09487649127376915,0.07855354753676373,BUY
0.15683734856309597,0.17109226837102987,-0.054858610127513696,0.4723293004841146,-0.22553337540945462,-0.06226711024441939,SELL
0.03461017052539564,0.16799851179585445,0.20784093564975598,0.9400412184401277,-0.02641858045118532,0.3778128023050465,BUY
0.11066982473586393,0.0896477424159067,-0.06557441376150572,0.31285027077239924,0.0004632741613083968,0.06656733300133341,BUY
0.13717708035051143,0.16154868948892295,-0.0760201222453178,1.016909457579298,-0.13319109564555262,0.10324211763090553,BUY
0.11227350159465208,0.27354656205137773,0.19888018863674706,0.713426703678944,-0.05239659280447144,0.2421897010957334,BUY
-0.04925079338314611,0.19661366726556928,0.10637016662194354,0.5681453011487306,0.04219556115505531,0.10743653734371775,BUY
-0.10875463468295912,0.08577570705085084,0.20305243811915924,0.4372956727324294,0.04995834342315799,0.3105909607388031,BUY
-0.06658151472327896,0.07109124118345453,-0.12984441983571243,1.2526619801993932,-0.1328531148737588,0.11148637852585734,BUY
0.026006227943123628,0.296534324112379,0.2285335589945341,0.6553435264487621,-0.1178856010064056,0.22056135730526524,BUY
0.02684692280258355,0.1736776692821409,0.07573397051514719,1.1338709718487188,-0.07388010295207534,0.310847282410206,BUY
0.05392552226008815,0.13468128560088677,0.1006157698420424,0.7164972696923382,-0.07220719568676132,0.2606932555140735,BUY
-0.011714356858238212,0.16082057645720976,0.2113272611469032,0.22861406164149117,-0.03986579140623617,0.18326644546782433,BUY
0.12541198350750968,0.07658845719778674,-0.028661161387417117,0.7167083652341645,-0.008154843410664393,0.20038937218062078,BUY
0.16960381262152271,0.2796166604658134,0.12380874761313798,0.8107628916300694,-0.06693868319562224,0.25259487806153635,BUY
-0.06364623128218505,0.15248629436897793,0.08815327950601781,0.7409790708907276,-0.13857508892141285,0.12069380124353868,BUY
0.1077831261956608,0.2757181069416895,0.15448872348968207,1.2427383964475816,-0.14454385066415187,0.3077835117580699,BUY
0.08729014839076563,0.18361562001131204,0.20362425632498826,1.375191888660241,-0.05191988882246154,0.4,BUY
0.03308167474776022,0.2800672382197908,0.10602738494354258,1.2014901452954476,-0.09567494164619483,0.279396154389522,BUY
-0.08401441814404392,0.19796861493301599,-0.16956220047362106,0.9158946630953435,-0.12945226972397517,-0.20840709218443987,SELL
0.12833129050394834,0.23972628640083532,-0.1175868443675989,0.8580299447768469,-0.05577211287384656,-0.03576097462294107,HOLD
0.18621919997009143,0.23033651322618356,0.22929018202018786,1.0024624421731225,-0.06976949994176807,0.4,BUY
0.10264271628176472,0.22363037463763796,0.2358927130197518,0.5029624150151243,-0.06060757529178349,0.266847796029052,BUY
0.17125099881900688,0.20435541340278973,0.23533599116426313,1.236585584608159,0.0009496492059171309,0.4,BUY
0.1944648427317999,0.16370044987190904,-0.18344026981994693,1.2995874486451253,-0.20570721379886717,0.08704442085487571,BUY
-0.02678226401626664,0.3140804284101002,-0.027898324422761772,0.4741040284545627,-0.2066556798896907,-0.2754368596543338,SELL
0.0733782435242179,0.11651441104328694,0.1418527167945982,1.3639454913961087,-0.033919465347310176,0.4,BUY
0.01587645817332728,0.18030153496402118,0.13879861164602386,1.2882258135883344,-0.18374417241521213,0.30813488754666035,BUY
0.1953200614021305,0.18104201126453168,-0.16134099277251868,0.6942814744755142,-0.16699994236014923,-0.058163647887399805,SELL
-0.11716726159729628,0.2081708527340465,0.07426999919028354,1.3726002829298438,-0.104312559929454,0.2375060495454718,BUY
-0.005668779995971401,0.1499369147873849,-0.13570867165661415,0.2686145913361114,-0.0806840650222316,-0.25318104716032114,SELL
0.15643866558453265,0.20203224139127113,0.02194419979050699,0.1391811828924605,-0.11216714454174213,-0.09115569235970442,SELL
-0.0505820413157196,0.16818101903579236,-0.09214143462149534,0.587013555831676,-0.20050255918578214,-0.21001886855299431,SELL
0.12572749772360545,0.06926332377934703,-0.17607747271937255,0.8916099783582829,-0.1248939270043334,0.03087348335124817,HOLD
-0.016025893026910515,0.18066866003797924,-0.1639912585130257,0.5920196603460126,-0.2785518415848292,-0.3,SELL
0.19299248896155538,0.10296042668788936,0.2099018273784587,1.4188948271399033,-0.03836141682133226,0.4,BUY
0.15923544274829762,0.05859299662857691,0.13509068389069034,0.45659432067720307,0.05065577398677988,0.3794328349955906,BUY
-0.04453787481808463,0.18958113244825694,0.2193207917978277,0.49369875102975047,-0.038387384747506234,0.2364771391880537,BUY
0.1195675897382493,0.21415183394136966,0.011495469550098697,0.988758657562797,-0.07776750056987901,0.17070172101192052,BUY
-0.03210020965835596,0.21686886294732033,-0.014018375471238076,0.10540943527839149,-0.23407328050078982,-0.2814906728714479,SELL
0.062226994075437275,0.21970194949137858,-0.03871671837405699,1.118579873296439,-0.1594309269106376,0.041365497104551056,HOLD
0.08046826893765216,0.04471876853415724,0.07733819322344049,0.62845727633042,-0.019671608750507413,0.3606286802365261,BUY
0.14035839317999674,0.08472881504647711,-0.041798275862899886,1.4688470147006145,-0.019764170242385908,0.38853029254484023,BUY
-0.1414422056912948,0.318146500576957,0.1358229552919028,1.067984630241648,-0.10292057982108191,0.09864791187241362,BUY
-0.07294473809669512,0.10669538679460745,0.16059279679713795,0.17310093711528032,0.032332494146505616,0.14867869781428575,BUY
0.09917123370600253,0.22275887217956825,0.19413006704322144,0.22967893223876307,0.021067205413752718,0.1813652899383017,BUY
0.04723313293933806,0.13191436648339078,-0.09073958138962523,0.22343534969382195,-0.13384880791021286,-0.185738166310136,SELL
0.02346177737040006,0.1855770917487295,0.03715992218156891,1.4336711638487212,-0.029728244411574165,0.32531478482967163,BUY
-0.13067651515220685,0.1356722058408484,-0.09944992247157253,1.0576721577046229,-0.17339360003712487,-0.10309987621426679,SELL
-0.028103440788490322,0.21930788082337513,-0.1830998794608465,0.69864841020451,-0.2588685677666484,-0.3,SELL
0.15278508116872688,0.18957418821216893,0.11852138687642694,0.38067576583204343,-0.02869862960181363,0.13261412218415758,BUY
-0.13918750703738872,0.14861971584490363,0.047041573270806075,1.3230956450101246,-0.14559223711905983,0.230755439242617,BUY
-0.011247317622315761,0.10648795162235027,0.12576727579888763,0.38217829873987663,0.015052420767092792,0.20495080564225665,BUY
0.1808019006847704,0.19874419382447578,-0.1605696898670583,1.0893509030661443,-0.17840873255544248,0.01357673288253499,HOLD
-0.13219174290924487,0.09510968406701868,0.24798678057787388,1.1686541061634843,0.09572153822368198,0.4,BUY
0.11239701286562284,0.20992367294845868,0.2474568551261644,0.5125185243975716,-0.029943659966353925,0.3114553626493079,BUY
-0.059835584336287245,0.363853943632583,0.009249921476580714,0.8068806320388991,-0.21180995027414115,-0.13804503163719112,SELL
0.15331309125378537,0.2745119035883409,0.1897264218327262,0.41218499524575136,-0.06335332377366874,0.316566116678949,BUY
0.11112379263577774,0.2302843520825914,-0.09039414988749944,0.6305015204376972,-0.20746074870754355,-0.1047653302203575,SELL
0.159996809800427,0.17400748915811964,0.13190477255048366,1.4511881575920123,-0.08695289984918939,0.4,BUY
-0.0744263233490569,0.0442873161097532,0.1956516355661046,1.0703932485162022,0.07540973655276091,0.4,BUY
0.03595246418651171,0.08743995228698709,0.16659981973635035,1.285259888666721,0.012711566065816011,0.4,BUY
0.12274448025118026,0.26979549992718993,0.16529833520852083,0.8568394000534373,-0.11612366173811962,0.2850135021021625,BUY
-0.06400508995175666,0.12471707439126539,0.008361984439989284,0.43465563901189863,-0.0756246558436469,-0.06859418848724089,SELL
-0.06923879315647406,0.1310523531285167,0.16899547650044772,1.098031799334071,0.06869475411498557,0.3838487753073579,BUY
-0.14048625327584524,0.1684044667021185,0.11081716585958523,0.800795145106793,-0.07886673401443164,0.07656457046596771,BUY
0.18548035289140832,0.10565676188074116,-0.14039687083510805,0.34758841534988216,-0.1431537861265887,-0.07974213183515949,SELL
0.09850590801911818,0.09412618858138545,-0.14861701817096595,0.6774018454654943,-0.2012947316503424,-0.09368706169214457,SELL
0.0724461239035647,0.17646681490530047,0.14736496117058795,0.9887763066228282,-0.04905175138280085,0.3542649351151834,BUY
0.11039815294324681,0.11759293817295745,0.08145883994781572,1.1294645993551335,-0.0051280513626285745,0.4,BUY
0.03606452154340378,0.12812869941547733,0.03371925273611984,0.4405091142464924,-0.02157961277079505,0.047190288329607644,HOLD
0.01664683738164363,0.12531662816970957,0.2082678058819727,1.3263962750890637,0.013528025532489985,0.4,BUY
0.007336284393232306,0.2165652149684128,0.09681566059204838,0.6313715499045491,-0.04342118609018415,0.09641647711033628,BUY
0.07415372423627445,0.16375120166532497,-0.021733964710264925,0.47959140504984776,-0.07038278678928886,-0.046061599739264145,HOLD
-0.07946275861266588,0.16749996224743025,-0.013730686320717306,0.37316807763521465,-0.05034474039213192,-0.12650269831491662,SELL
0.16082054325520437,0.2217862128116218,0.0723599623679132,1.2258398681641631,-0.05491260996592972,0.3137517723197179,BUY
0.13411332992674277,0.17005722742369417,0.1421238781088568,0.5958304049524874,0.03331412459468878,0.32770732239681877,BUY
-0.02765273599178815,0.16052223620799788,0.05395898812710587,0.7767586390431085,-0.08321440480226887,0.13099087642185864,BUY
0.05251325388438352,0.21293152488991196,0.028942396998630854,0.4119477529894259,-0.18253485825257026,-0.11059866809159652,SELL
-0.10064044501749489,0.22677384904903417,0.1271053161943818,1.0605274996365042,-0.05203624576739676,0.19396420726334676,BUY
0.19032118677675927,0.1697048550343977,0.11736904745816634,1.1934467705733913,-0.01584763457123326,0.4,BUY
0.1660124406705992,0.18564254429343652,0.17365607827610247,0.5751953485346782,0.03657667440343605,0.32090477773070597,BUY
0.17266412727472016,0.12527468391866703,-0.17185169617521753,1.423111139519963,-0.07984097101280192,0.1969686847030773,BUY
-0.03374293330379194,0.1197521869784832,0.1397284594368905,0.14285485338433052,0.08131369438089456,0.13830560298503983,BUY
-0.09080285241600049,0.23384032513767655,0.0311922029282605,0.2861203445836565,-0.09683461489497508,-0.13391790538299236,SELL
-0.07587974278679138,0.2111459443781235,-0.16638809598508167,0.9243018441846871,-0.1818022754239754,-0.218856895572531,SELL
-0.11849951313421855,0.21187089068916032,0.10555451267628385,1.0819696068677316,-0.15414988540927,0.12064606979765317,BUY
-0.10796127946451547,0.19965980441078654,0.12244308730087428,0.45095618531268256,-0.05541382100041818,0.03200996229149287,HOLD
-0.1250434130353041,0.18323422930704675,0.03563222629510801,0.8756995356478878,-0.12331281490975074,0.024639791845412796,HOLD
0.1964380742217057,0.22874883235759386,0.15720953994239328,0.5457407458599378,-0.06378998276597543,0.2525916034843292,BUY
-0.12407981082082424,0.24545761327159488,-0.06488835111681432,0.8757249438702263,-0.17050424909419987,-0.21078798349570022,SELL
-0.10361027166700523,0.24378596036334532,-0.10914175166085376,1.0230587488699534,-0.16634159743984195,-0.12712554911490218,SELL
0.13953910845675774,0.17294554588378092,-0.04216972171552469,1.4619312749966804,-0.12550175169340394,0.30258487659663214,BUY
0.05308407586003008,0.2770894910936187,-0.015477269016810125,0.7379756040296571,-0.125693592726266,-0.08117365613938066,SELL
0.12104602159926633,0.19599224772126247,0.11317012108097596,1.0075024563799329,-0.20848501584412,0.2406244201061282,BUY
0.07081920272042924,0.2242663334796059,0.18048397204520245,0.9092549470879046,-0.05286653251179032,0.3192498690926655,BUY
0.15876127461513181,0.19974615235844156,0.12441318553540442,0.5445768514426022,-0.009957928243275065,0.20845419282096675,BUY
0.07346363471765918,0.19729046952389218,-0.12170559841867933,0.45428978437680845,-0.07355409565899629,-0.21629491344025706,SELL
0.0327437825161028,0.1284973606824776,-0.035202311839884176,1.483019010442613,-0.05458127422618708,0.2721028932181389,BUY
0.09946239281645489,0.2290945586841378,-0.12871382894849992,0.3895933063821214,-0.10469811566075571,-0.22421794211891438,SELL
0.006587463127238319,0.3791706076435347,0.1090258898011231,1.2063853739039314,-0.1754452088777345,0.06240306725425453,BUY
-0.028877661983342864,0.15376434476469417,-0.08832265480239765,0.3052223474290654,-0.12744453998342242,-0.2131714916050655,SELL
0.01367835835757436,0.18496963007974637,0.036424119783331044,1.2260917771057511,-0.06994134797312783,0.27168280293539643,BUY
-0.09060006321550376,0.14876563149569164,0.1563234294376079,0.36001982018536727,-0.02688972126692506,0.1340401420063796,BUY
0.12880010543094197,0.14583860689066458,0.1019226737147268,1.4540193016226337,-0.08585196804937606,0.4,BUY
-0.05875367653241938,0.28811146346830707,-0.0657317042006903,1.0603827192043243,-0.22492157196785534,-0.19417774285319198,SELL
-0.0962639587820334,0.13289202875907746,-0.05020996222264662,0.22616554114616044,-0.15542684744831298,-0.21271664410419489,SELL
-0.06377671537587062,0.1468143668643547,0.09401392897136429,1.070447967242615,-0.02406419378680487,0.2705932503999498,BUY
0.1447245531202839,0.06887550233880889,0.04726048720297485,0.9450690678941726,-0.021851515897071527,0.37377241034094966,BUY
-0.034429546540794026,0.12696717928204268,-0.15662293063848004,0.5725647453715419,-0.1568437856625225,-0.15874837332700992,SELL
0.09011745432706506,0.06041200749326564,0.19329621517309575,0.4650303968594005,0.012737093731414406,0.3588296418469492,BUY
0.14974337072950875,0.22422632894483502,0.030675961624132886,1.106265094447413,-0.0970125954072665,0.14440486586772608,BUY
-0.12278936657623525,0.3759788055286117,0.013012455938859413,1.1379059221298122,-0.18135989191111973,-0.13975352389290818,SELL
0.11775854181231502,0.15433248444446343,-0.11070229851548197,0.5580881885335511,-0.19340610989812995,-0.10034886702772512,SELL
-0.04231708676733949,0.06332694469068337,-0.030352781463258233,1.3267179551753052,-0.1145215128884942,0.22908726159192544,BUY
-0.07418217253558507,0.24299997651008132,-0.050228811958205416,0.47635810644388776,-0.11816601290828019,-0.2518285174881968,SELL
0.09111550835854026,0.129115252874889,-0.07816894272675794,0.19781019636473543,-0.17749339074006637,-0.21442078651280203,SELL
0.1684288179566318,0.2709542851387478,0.05533295859104792,0.93981498275861,-0.11306504595570528,0.16546711434744682,BUY
-0.046743276950661605,0.16025796665470388,0.008023912126126909,0.2498988019642626,-0.012099755204670895,-0.11508672205231861,SELL
0.04909183188451166,0.13577290176420534,0.20013895839160029,0.48732968997307935,0.07955358246777365,0.36259822856270946,BUY
-0.04855806015267797,0.16754297109780195,0.22360478967122238,0.810060950267813,0.025809762741412383,0.34873689442788053,BUY
0.043999955004249774,0.2330443732655331,-0.10123695684735912,0.5009034713002166,-0.14488093093215748,-0.22250283443267263,SELL
0.06765171072901918,0.16408055584710404,-0.15495255705475527,0.4009948793880621,-0.04783398382034178,-0.2029833068874205,SELL
0.06361738607656292,0.1452292708044406,0.15340189816948724,1.0844595808679163,-0.142496586359558,0.36805255568378364,BUY
0.06824122937496105,0.16608178779147897,0.24768763163737406,0.8657990779632138,-0.02379080382396951,0.4,BUY
-0.10272207272386658,0.09097013708493804,0.1886200314343694,1.2756657475503927,0.06329052277661502,0.4,BUY
0.09273916435535184,0.2077922121605786,-0.18933616904656939,0.9137354325176685,-0.21727414530707276,-0.16690623355519651,SELL
0.08616262473307815,0.054929138430856256,-0.0869314021820903,0.7768260964832896,-0.005741128500998144,0.1314479800732401,BUY
0.0889058427759091,0.1489114981944139,-0.18049597533143125,0.4657588922551035,-0.16351299206473047,-0.2554036091472801,SELL
-0.12407530654145278,0.23315696461815202,0.16935071966852494,1.2088922251278162,-0.06556669788660137,0.25022302277594294,BUY
0.006393594844953415,0.20121337980529017,0.06163313933154235,0.37561941199011406,-0.10980850536285404,-0.03723345597797018,HOLD
-0.006837703783994592,0.2213224401090473,0.03117334352517423,0.4391197753624244,-0.14644967459576172,-0.023285609673929425,HOLD
-0.1196509807248803,0.17544680290968334,0.049502446898437386,1.278224035454298,-0.11282260114381763,0.13384572596732622,BUY
-0.07217122523611626,0.2618822326689862,-0.086396933586534,1.1376695360208957,-0.17812979819416652,-0.11681817497102076,SELL
0.0043369211293128596,0.24472894377388543,0.07073726611248826,0.9580228845713287,-0.1572707081104793,0.10342324011293884,BUY
0.11001720845032878,0.21122987029733722,-0.18619985969118652,0.1544887431012028,-0.15355762188031255,-0.3,SELL
-0.06702827305536788,0.24492820441194801,0.09070527578687781,0.2781606655986171,-0.07801351610227653,-0.050652668546946736,SELL
0.140412468543719,0.2325296488082504,0.13049522358047383,0.7999404442626534,-0.03234887780426868,0.26937078683777543,BUY
0.041029400008812195,0.14923755406571768,0.10286181867032224,1.1448744928760475,-0.10484402277095164,0.31266587365991994,BUY
0.11614758981461612,0.08592707618160664,-0.05054711675950088,0.7497412098685525,-0.15674891975208655,0.11127711132509528,BUY
0.015394594167899983,0.20942534880898367,0.1718183118073942,0.12421023418069632,-0.057137172344020694,0.11089428559217593,BUY
0.02471797889777816,0.21822624615820002,0.12199479870286695,0.35797799813355036,0.06280220246420284,0.16766300074616353,BUY
0.06690178628287408,0.2563330393796996,-0.14226620468407497,0.9242733794683052,-0.14739586659672121,-0.13616034133606855,SELL
0.1747897128580385,0.11445751074682944,-0.11218510075775824,1.0719038835631878,-0.14127086217653662,0.12813600583676557,BUY
0.02213440349451848,0.11654982585059856,0.08669878593020736,0.14679963779666613,-0.014024774416709143,0.06250840600665246,BUY
0.035030138337901834,0.2121930186415439,-0.06976273989978823,0.16066445484470046,-0.11884156177265748,-0.23926308196928098,SELL
0.06069893723463532,0.17501831078028393,-0.14625517634919338,0.4658341616389081,-0.23193246904449077,-0.2807379273634854,SELL
0.10813029805420402,0.047996687260021015,-0.1302639530825485,0.2169023735411909,-0.012422300137301764,-0.042878538715183066,HOLD
-0.12485238257981798,0.20625757146279336,-0.12547226875681972,0.8587247250707105,-0.18231465672145095,-0.21782584623413787,SELL
0.030490603482690226,0.050330395950773155,0.015005908068271984,0.27318277473935265,-0.028729916573548116,0.06228132348149431,BUY
0.01855705622211523,0.11383204136886366,0.07332345404327378,1.0075070688619914,-0.037780610232315895,0.253284199735774,BUY
0.17258974448314965,0.2746176961002075,-0.12061897631551328,1.1881154470306219,-0.15579120122093504,0.019524537984545298,HOLD
0.02272730315271937,0.30774153124649806,0.12062347466344947,1.4587233292529493,-0.1741546367925894,0.20593463777353843,BUY
0.013912187143015842,0.09490405420696267,-0.0735443266243122,1.4277697462928,-0.1717086634131251,0.16919798883137524,BUY
0.1867699959871457,0.15694259238111138,-0.05979883772271763,0.48271121032938946,-0.10193732587275164,-0.008298912611797798,HOLD
0.007701762260308526,0.1829835766155094,-0.0994256205166516,0.14117344367244195,-0.25174329848462274,-0.3,SELL
-0.08669044938726837,0.30468588493070975,0.15334276117443596,0.5611771025564751,-0.13652960624542845,0.0447321642249815,HOLD
-0.07407935701797409,0.14549917365229187,0.23191622482159469,1.0918721661977144,0.06481070023020367,0.4,BUY
-0.11668436158205905,0.14661811838767053,0.021624931905141725,0.183721692981555,-0.05036620309510871,-0.08796972484722125,SELL
-0.14980115475936945,0.28841078909240037,-0.18108621135560352,0.6035977207400001,-0.19336315471141782,-0.3,SELL
0.0011809813501686695,0.15376475930972194,-0.08274380760853586,0.5172483665656697,-0.09433881036910606,-0.07983907829214304,SELL
0.11923490345437751,0.23055411962765202,-0.1288773689965193,0.4070838901465673,-0.06936669493602851,-0.12439955626106916,SELL
0.10671325497994252,0.07659999244213006,0.17924302818340804,1.0885830566224413,-0.0036747655747555695,0.4,BUY
-0.13874781926900243,0.16801370791353715,-0.16181570565505768,1.0227358070341237,-0.14562792315972922,-0.20174485717187304,SELL
0.04949401625791153,0.06382822131715166,0.23491430830977272,0.8496917316480807,0.03376276697298558,0.4,BUY
-0.09600090610528339,0.10611963533310068,0.06483119948108168,1.3750844955542365,0.010100762088315812,0.3527665635362089,BUY
0.17937669966764405,0.23874409486065842,0.03298290418337346,0.24439439382238143,-0.13313203904557044,-0.030426857459754132,HOLD
-0.09142225012453725,0.1765066226239301,0.18130778008863407,0.30956491426938315,0.05256138243329783,0.1332008466667375,BUY
0.06932372619411853,0.15766259816129177,-0.18760357041884473,0.6368295509071783,-0.19617978483441179,-0.23458891597096992,SELL
-0.03581657324258013,0.12758752632133574,0.14971873723315432,1.0182348726080608,0.05369130538630951,0.4,BUY
0.07454646408752327,0.1645540748731102,-0.14752817949416755,0.9177110091435768,-0.1280867401943346,-0.08567509760766692,SELL
-0.005709491237573694,0.20107792169704855,0.17835014452319442,0.20365976245510475,-0.050929748663300384,0.10595696350977776,BUY
0.11587506830723812,0.24880413445232333,0.03812929865703782,1.4417947252450545,-0.10690864431558265,0.31104783579856804,BUY
-0.06926230613524975,0.003760267886776192,-0.1724917689379587,0.527090743045948,-0.058189648930789595,-0.1698937211948389,SELL
0.16702714851999104,0.12177671780160332,0.17496026746059595,0.6025616592963313,0.014715810315866908,0.37595022887045215,BUY
0.025073377259673235,0.19113673695323039,-0.18770864731793677,0.9730817186607928,-0.20010905475383248,-0.19112646859547888,SELL
0.11463260169949849,0.17307958188263997,-0.13773318819787844,1.4232317244436286,-0.19402044978648494,0.11193288551547684,BUY
0.14740556699042948,0.20823633697687075,0.159021035721983,1.0277635347445808,-0.07808694389545577,0.3709540487768705,BUY
0.1995900138341817,0.19872782002885878,0.009192005736050946,1.4366826613667858,-0.19971713862030602,0.3003806940622417,BUY
-0.07161901704211462,0.1586592495904615,0.19662491695967516,0.36262756634867055,0.025551833656224453,0.14388585647714378,BUY
-0.0495876552527908,0.1431202762808976,0.08594317275598756,0.9663339005621089,-0.11325309527491752,0.2619339671634259,BUY
-0.06234841964383911,0.16281489571851493,0.08058793946668358,1.2604304486267988,-0.07633611440622051,0.27114150494601913,BUY
-0.05799503374407608,0.26041196448759196,-0.06849420224059333,0.8126342555567859,-0.15124260751474083,-0.14218063469665757,SELL
0.0538556595387821,0.12875944469659997,-0.13984376440171992,0.6070431461610766,-0.09122333672365238,-0.1182241664865345,SELL
0.19773288310104506,0.1756035293799231,0.23252757590350714,1.478661942044628,-0.10108368410841294,0.4,BUY
0.19659733048246406,0.19283395497988948,-0.15284103988547218,0.2973822765553247,-0.18142919270337643,-0.16383738729348463,SELL
0.034370630976807676,0.2892245650912121,0.03805477003310542,0.6753013385401192,-0.13532559606904399,-0.0876655941298437,SELL
0.0736595235926358,0.15897842192345807,-0.0773441341243489,1.3227232535849243,-0.12372390134069808,0.1675144531256479,BUY
0.15098969029556206,0.24711646592076725,-0.08113670138834539,1.3606730451082893,-0.11352081222412126,0.11063299046189837,BUY
0.17652671045872678,0.2662385582285516,0.06756379868626589,1.4725349421836837,-0.1738079604583547,0.31670820590993143,BUY
-0.07864878043465963,0.17553720145065463,0.15907035273049097,1.338786629170134,-0.14414623628770623,0.3136854304322361,BUY
0.03498960512985849,0.1652496714646266,0.14973076727407542,0.17133983554237756,0.001258804869280268,0.09092296922988027,BUY
0.14149296913152928,0.15696624295662487,0.19096076013709906,1.4016730994784836,-0.04464974770005967,0.4,BUY
-0.04387927317789292,0.16209238060301923,-0.06819376793943482,0.6994340679694994,-0.21245996541688536,-0.21127462665324775,SELL
0.003933164868163336,0.23979679024037828,0.009588121771783198,1.0122668624392148,-0.14796844496383738,0.042259394647020034,HOLD
0.19496738552920276,0.19617069840788598,-0.1957994420509888,0.6519862168339666,-0.13449429706854202,-0.14927544061455397,SELL
0.19476634385230482,0.19647027964189084,0.13608593041136446,1.2391353072589681,-0.12661042651122362,0.39064378162140584,BUY
0.16713738376781354,0.10123435427341154,-0.06394559953597265,0.9062869868518725,0.030480945318927394,0.27508335775729864,BUY
0.12945692068982015,0.11227569458373357,0.0526720899715839,1.283762499575606,-0.08819066048843968,0.3742597730973484,BUY
-0.05580432474701799,0.3300412777343886,-0.1238148730912472,0.3712800601290741,-0.24320017317084458,-0.3,SELL
-0.03770247407648439,0.16755219922979173,0.16872977821044782,0.35897633265686313,-0.09399602914607633,0.08874080032939309,BUY
0.04154899442170615,0.12576596030951478,0.16777249867522498,0.7165275222187018,-0.006270059280818158,0.3350198702279657,BUY
0.04627208109670425,0.28017694159125084,0.19485381163882998,0.10665216294747276,-0.09685203138715234,0.06026022534746496,BUY
0.02692598677497343,0.19972659840784865,-0.17932835130197475,1.0699941368547612,-0.2660419946820535,-0.09665199039055872,SELL
0.07283459797070713,0.22047084418051652,0.24660641939875616,0.5144752189312154,0.10765140969873807,0.3937892333562718,BUY
-0.007086942078453923,0.17033670473029264,-0.08849926350213747,0.8802190847002298,-0.1623685866899653,-0.031199400159631997,HOLD
0.11221095506043652,0.1576928836596237,-0.06075484127869277,0.19800498464518562,-0.14364079457255274,-0.09265962087427661,SELL
-0.033257525732575635,0.16812895392518967,-0.08779892186429926,0.3389021031357715,-0.08754514713315079,-0.19445219513970646,SELL
-0.03426305106877661,0.0832083280790961,-0.07961028573506045,0.9720028380307059,0.008943633025941616,0.16052335814392327,BUY
-0.1054709133378602,0.17384508134060717,0.04869761024664099,0.5279276779554603,-0.028506161305492744,0.023975775926371134,HOLD
-0.08395072648987827,0.2007223153929832,-0.0920852550632992,0.40061071961988715,-0.21732649741243892,-0.3,SELL
0.14768230762247517,0.30953242636906275,-0.022802909869817867,0.420385101130875,-0.18414516929463165,-0.14182687164005583,SELL
0.006198818503154541,0.18601993455036508,0.09502296209944688,0.40074711061569357,-0.16767140000969002,-0.04932317774023476,HOLD
-0.07024627470650817,0.01660760704527864,0.17621179160997708,0.9719913292027674,0.10560540648294148,0.4,BUY
0.1157693850078356,0.1734210197050765,0.1117336751200958,0.33476770025723995,-0.14111854870153068,0.04836383549777287,HOLD
0.043893394035900785,0.37176528931758146,0.06744528015429546,0.6077889028518465,-0.23624112770929254,-0.1746838263947957,SELL
-0.14259539600184729,0.2406456364489528,-0.13352214685651909,1.063041611830833,-0.19795631581354484,-0.2125796366748593,SELL
-0.0392734899321497,0.12323777393339878,0.16725202069357714,0.8191394802867108,0.015208471974442205,0.2984718339435164,BUY
-0.08804950610753062,0.22137745601013897,-0.1832263004031326,0.9361932190856773,-0.21916372493710237,-0.278740538238338,SELL
0.0795555013439942,0.12805906025771818,-0.08111375154411407,0.45126977124924794,-0.03332675293563245,-0.029179858765260802,HOLD
-0.0537391357794115,0.08523347363171996,-0.17432348738061748,1.405800822431288,-0.084707500021665,0.07525953951330408,BUY
-0.12726862727651972,0.15561414457361494,0.10034303901300817,0.6794309476428698,-0.02099503343575526,0.08576728015452627,BUY
-0.13077275378081576,0.18640685074672028,-0.03423301283291849,0.5017495112572683,-0.18700736068043275,-0.18468710375396774,SELL
0.05360455428555022,0.04894911482966227,0.09342181744219002,1.3660566576818614,0.09296765295634879,0.4,BUY
-0.14239679050356863,0.09955884966229547,-0.04383606831338438,1.0174054613701418,-0.11742299433665662,0.04205397563981024,HOLD
0.14707723959763105,0.18072348942276484,0.0050833288597723625,0.9595242083938306,-0.019523640460395245,0.19196980072163522,BUY
-0.09561100825995353,0.1514278776807732,0.006082454574781376,1.3414285130326353,0.012686008067727211,0.23221176962892157,BUY
0.062298217318400434,0.20763678898022636,-0.17948870584960494,0.1819564007799382,-0.17074472910978905,-0.3,SELL
0.005640809803760999,0.09497321708840069,-0.006398063144298416,1.2727513168106124,-0.00794250062678873,0.3266877101224283,BUY
0.004998032431165866,0.22998796239873104,0.08847896340184119,1.0490101100271412,-0.2567471802313456,0.08759386802666182,BUY
-0.12487100017398395,0.09713686320578634,0.045723510733945205,0.603989912692181,-0.049742834404412586,0.042194933099917446,HOLD
0.13096328757427547,0.2949914011356341,-0.16612230517477075,0.45889187953339783,-0.18833548075531178,-0.3,SELL
0.16256836966363838,0.059896920093517825,0.10062519355903699,0.2467282598341807,0.050537438783208335,0.24996852778824505,BUY
-0.14614416641552003,0.10352120107316111,-0.06101176028813257,1.417503838345366,-0.14750359166414356,0.06580975639674214,BUY
-0.0874885385060088,0.20921595621222805,-0.19350433874944006,0.29867694466135064,-0.21761741122050654,-0.3,SELL
0.16636646607841757,0.2964963276048347,-0.12998199931208965,0.46321395002323795,-0.356708871547794,-0.3,SELL
0.04232276448002034,0.20205301252813196,0.023901845792451776,1.0675500513972578,-0.0910214271912608,0.14363617952596333,BUY
-0.09748614761312646,0.2194000544127674,-0.0603192534364691,1.0942134130403895,-0.24993415408358924,-0.10581607783136579,SELL
-0.0790233415867944,0.1812275831171141,0.11247235618909784,0.32507618644363157,-0.007223715255250729,0.029866802057672885,HOLD
0.08099518548298995,0.10815210821193645,-0.09170593599540601,1.2397836250718788,-0.04243739628945381,0.2343982528505409,BUY
0.10368588778640556,0.14569031562324344,0.1477582758138259,0.8144021768469074,-0.05202921976874063,0.3229274992154089,BUY
0.059799383002977324,0.09516631960131061,-0.07108526837270904,1.2878393493611526,-0.05947010258716555,0.2138045223587245,BUY
0.183601932969384,0.09049030225561897,0.07938866841298703,0.2221995457865623,-0.03339365019120199,0.15761772486431652,BUY
0.022922261281621947,0.20812242435238223,0.15964737111303107,0.15996199873116554,-0.04891908641547359,0.028236033431962855,HOLD
-0.04490483075011566,0.10137754125384267,-0.026499742110313,0.9917865340920895,-0.1287893927585883,0.10917219160622266,BUY
0.017031518491528758,0.20236878047063528,-0.1789377761830383,0.31003331595374356,-0.16187174759360104,-0.3,SELL
-0.024116797216686164,0.08887240734452315,0.04095048447649638,0.8349286640266198,-0.11900251212733616,0.15619421610518236,BUY
-0.07145443756385979,0.20074681140817283,0.24793407769502512,0.11975226299831221,-0.11277096388336272,0.1118302132128502,BUY
-0.13391286273095096,0.1457922201725926,0.2360463398696111,1.1919009647674803,0.0008467880109392905,0.4,BUY
-0.026725627252206535,0.27846308735554515,-0.1005400127251243,1.3593422382499023,-0.2178560214839408,-0.10996623000795305,SELL
0.0989932716984098,0.20266032269053455,0.14006342924091358,1.2744358667500033,-0.051955735390367776,0.4,BUY
-0.14354676899368216,0.2665048025095899,-0.04477167568097032,1.4416939384105856,-0.21028692628995851,-0.018923788071513577,HOLD
0.0037124796220771306,0.12710472985023652,-0.12787738391760883,1.3643340565223054,-0.03312920818790599,0.12597872608028696,BUY
0.07540329050745392,0.1839300338170917,0.09966161527112194,0.7216252256065113,-0.062463124712834134,0.21277840151251992,BUY
0.06364143821100751,0.11132389893186051,0.025390928287046033,0.6576874918211052,-0.04499387911848662,0.10261266865603601,BUY
0.12182695256105056,0.15104763300789073,0.042653750945054775,1.3546571351601602,-0.06370538555636024,0.4,BUY
0.13368190048092912,0.16165270440787596,0.17232669800597877,1.3977143135001178,0.022084550005069842,0.4,BUY
0.09909703732178574,0.12918992455190026,-0.048555345850659626,1.4619703276452518,-0.0681352223471808,0.276407422505765,BUY
-0.1140208063493377,0.09491479988080133,0.10019264180004833,1.1756441287798958,0.005229071776952508,0.3136323143136736,BUY
0.016257855401526217,0.08105378734431429,-0.03521383986681864,0.3827843619179324,-0.025918603110036485,-0.04656331172077981,HOLD
0.061192085120663015,0.01621763190048217,-0.1807742465388069,1.4229357905550115,-0.17327100960817166,0.1376385645727738,BUY
-0.06405188641669193,0.10605574755475794,-0.029893201698642985,1.4259980535427075,-0.16493311174160083,0.17170332894260124,BUY
-0.13510686382362821,0.22392457276702912,0.22751550844186058,1.03258390947816,-0.047151477548545415,0.25926095607789496,BUY
-0.07174338769338358,0.06810510275907018,0.01746811693978767,1.3001923728892786,-0.04375950901362215,0.31491064987572476,BUY
0.009213040606423584,0.08423140076226864,-0.15129630342340933,0.8856469896295331,-0.0820668696243145,0.019551717413484992,HOLD
-0.005124388330889712,0.30536289998630406,0.10952207321930163,1.4217777235764117,-0.1384080655948865,0.24057000444973076,BUY
-0.08816655653549343,0.13544527651062221,0.23352070737333458,0.23151095522892765,0.04123436376567105,0.1998697556843304,BUY
0.1385454399392225,0.2024732206415385,0.2085753609449157,1.309549175078679,-0.1003335514850211,0.4,BUY
0.1739903340578536,0.22496220025503463,0.05738237701366239,0.17770508065199508,-0.11256159786799055,-0.01027515096616874,HOLD
-0.07952808833154967,0.22637682908468962,-0.030673665043160964,0.5747498731052287,-0.21514840036596736,-0.23324132905682532,SELL
0.17535052044852759,0.0734380038574358,0.061304950829158156,0.28945589966136664,-0.00019792526422817217,0.18718331784683576,BUY
-0.1437486642886867,0.16382582240703567,0.1671689779896623,0.770789129448077,-0.12534215436652252,0.1429654985374751,BUY
0.17373686544743086,0.06672409113371254,0.18755680390830443,0.42514462118945795,0.052403771810138236,0.4,BUY
0.18317507652831774,0.3512422501237227,0.16847974822409856,1.432901331067596,-0.21680341982944978,0.35283573462877865,BUY
-0.14578184794442617,0.06835873151890798,0.004964370298781967,0.8830498671147733,-0.05820588045292178,0.10592425168434087,BUY
0.11705675387186179,0.10665118467911258,-0.14651390469339653,1.3568230308252147,-0.07784988811236371,0.13147354464061606,BUY
0.18957055039944518,0.10715794016109466,0.056128042032449366,0.4892818566716113,-0.030474547853756175,0.24687344394688376,BUY
0.16706577658622238,0.07523376662939836,-0.12960702738498564,0.13636858392518514,-0.17926608211784834,-0.1640959695748813,SELL
0.18974855641867452,0.2746815736829582,-0.1725687497459648,1.1859170051574903,-0.267456136342862,-0.01435031978999897,HOLD
0.04261322699417375,0.34957135307584475,0.024400525042987398,1.0833287239607605,-0.27505152810215194,-0.0489646941807269,HOLD
-0.12264535104011409,0.14669756164811676,0.09491805252098257,0.863688303943871,-0.1347892409607367,0.12437202863869129,BUY
0.14742621923176266,0.08757037972089128,0.18436628788287684,1.2414798216208978,0.027087446127314688,0.4,BUY
0.06483988953315403,0.023415215089178487,0.15227599927943664,1.2761181217073856,0.07487618783627273,0.4,BUY
0.06515786046590116,0.1629123897034529,0.18575823074044667,0.9230646312254432,-0.0014138454901085895,0.4,BUY
-0.003961236549459846,0.15785442037869893,0.1420309468694007,1.4522989085955118,-0.007768932735471516,0.4,BUY
0.0501446917823882,0.13440927115478987,0.11645772860776271,1.1075967266642581,-0.03465801379405975,0.4,BUY
-0.0962470773198599,0.19549626777833598,-0.19543809388668518,1.0476255266276802,-0.20914250915917404,-0.27372761745518703,SELL
0.10891950929815261,0.20766211999708403,0.08174604031414473,0.6059905095821034,-0.14555232222570824,0.11915187722541856,BUY
-0.12374394242696019,0.20261582805565304,-0.14578318813739705,0.10316201004001074,-0.20188675567587558,-0.3,SELL
0.10542326846532721,0.15787125896220588,-0.17359979045035653,0.4373197434518492,-0.23023009082377466,-0.2609620048846695,SELL
0.14714244791869888,0.10288647192980165,-0.12961453155245506,1.1694887095404818,-0.15583597213520897,0.08064951208067023,BUY
0.01536403714757087,0.2266083168464701,0.1704814726487876,1.0938197562120437,-0.0633260575264649,0.3692862507423091,BUY
0.028440628119967254,0.18087596315950713,0.13473222689500963,0.5634310027621319,-0.060522991514746535,0.16447616451210417,BUY
-0.040725004477272606,0.2421850267384255,0.22694758234234552,0.9758161643538142,0.09870441878862173,0.35979844366737473,BUY
0.18931050430395566,0.2353052884630562,0.24053931639268472,0.373402471262392,-0.1122572263960102,0.3074620975750653,BUY
0.10659356609584084,0.0804766551667019,0.20197779386829195,0.4690788069766616,0.026250188405706545,0.380672800070826,BUY
-0.020854006344879272,0.07960444547796776,-0.1401832770603504,1.4263713314634952,-0.17502258367110704,0.10602243369369446,BUY
-0.08881741481844822,0.127112149688163,0.19527223341624117,0.6784528021098323,-0.017547690244898884,0.29935099843242124,BUY
-0.07314714272926803,0.10606142141965323,0.17738671065489037,0.44298263201839627,-0.010036827695595007,0.226224035687536,BUY
0.01237280013851752,0.23286762431832705,0.1919886369368638,0.781951545574588,-0.020681118504593796,0.20986178285779383,BUY
0.17989894011001825,0.20459167731915423,-0.13174147229757888,0.6418222317023126,-0.19793492227142015,-0.09938383514208982,SELL
0.10695122101632135,0.25694287956497175,-0.14744367750200713,1.121340652288748,-0.22270917874259386,-0.09628679060921955,SELL
-0.07466468813729757,0.20775407721876427,0.21571399581283673,1.4469625490872335,-0.05988274612973482,0.4,BUY
0.1508463966966143,0.19460547073113582,-0.12177800788947298,0.9284323942407685,-0.23552707279733115,-0.05381621462999933,SELL
-0.017629816946611615,0.2639810846240919,-0.034120221030829456,0.927606061711681,-0.2046418577764423,-0.13504711729718516,SELL
0.14810276396338154,0.2128809137814534,0.005193182272327124,0.6107674022128763,-0.14474811111413208,0.04141003862630964,HOLD
-0.06540514070660416,0.1847670674406403,-0.14400086247669602,0.8904833047654134,-0.16476929128474338,-0.21602916877253697,SELL
0.06653121417771116,0.28363171237514795,-0.19071457038535367,0.5470604129419935,-0.21851749121798897,-0.3,SELL
0.17433467082844864,0.1880626618206953,0.24734071139520225,0.10152890403727871,-0.025631138019887742,0.27329056186214173,BUY
-0.05973709679827205,0.15869615765574546,0.1944957601757325,1.3125346420298791,-0.030028203722221605,0.4,BUY
0.09252430670504921,0.12135237188556451,0.21055206820778677,0.7012217197303873,-0.07463125377257665,0.35955766260095845,BUY
0.19555941698500032,0.22921178213317878,-0.07194661882754669,0.7889238790755954,-0.13931899094810837,0.05819557129540524,BUY
-0.09729059946494878,0.26659353792897283,-0.10095429226455242,0.21690128159629946,-0.23513273402070672,-0.3,SELL
-0.11905919825476395,0.1764588818996599,-0.008360048821058036,1.2719547187675488,-0.07186318675673037,0.11013784691932745,BUY
0.08596831735568566,0.2715540936645887,0.003993716040103068,0.3384718985286265,-0.09551297239000218,-0.14034721989862714,SELL
-0.031092418287839374,0.042098947761989663,-0.19748025251109172,0.6748696222980423,-0.11364722099628075,-0.18698812147124572,SELL
-0.1250644329216931,0.17611826376344597,0.1506639006519248,1.2763717658894338,-0.09657096203559226,0.3076420743135653,BUY
0.016356966259261446,0.17719335615268947,0.24850016716390777,0.7408961162989273,-0.007750877480365475,0.3625345670933656,BUY
0.11381973787538449,0.1291103939314857,0.03791089154594021,1.4036132696530492,-0.04486677983958342,0.4,BUY
-0.050207159854683936,0.34687027265873116,-0.025283587244396943,0.3930400247889655,-0.23401159855533352,-0.3,SELL
-0.03273359287320285,0.1753665157117867,-0.023261648050458522,1.10132596193668,-0.14272648911622163,0.044167068667432696,HOLD
0.1459947902264402,0.15145884598768966,-0.1567652905225547,1.4691979329864184,-0.12540481326676498,0.1633772125185192,BUY
0.03202516929152083,0.18181734794034535,-0.08022718173619471,0.8694590921084352,-0.11630236772397533,-0.04040625680503725,HOLD
